prediction,confidence,seconds_prediction,left_page_prediction,prediction_m2,confidence_m2,true_value_m2,prediction_m1,confidence_m1,true_value_m1,meta_prediction,seconds_meta_prediction,left_page_meta_prediction,attention_correct,external_info_economics,external_info_sports,external_info_politics,external_info_climate,no_external_info,felt_time_pressure,time_attention_1,time_attention_2,time_external_info_time_pressure,ses_ladder,yankees_fan,dodgers_fan,cubs_fan,astros_fan,no_fan,quantitative_training,statistics_knowledge,media_newspaper,media_magazine,media_radio,media_tv,media_social_network,media_podcast,media_blog,content_news,content_weather,content_political_commentary,content_financial_commentary,content_entertainment,content_health,content_sports,content_climate,content_science,spml_1,spml_2,spml_3,spml_4,spml_5,spml_6,spml_score,assets_owned_1,assets_owned_2,assets_owned_3,assets_owned_4,rpo_sports,rpo_economics,rpo_politics,rpo_climate,knowledge_sports,knowledge_economics,knowledge_politics,knowledge_climate,experience_sports,experience_economics,experience_politics,experience_climate,time_announcement_characteristics,time_knowledge,time_experience,time_quant_stat,time_fan_assets,time_media_consumption_1,time_media_consumption_2,time_spml,time_ses,age,gender,education_level,employment_status,background_in_politics,background_in_economics,background_in_sports,background_in_climate,no_background,income_level,us_state,zip_code_first_three,race,political_affiliation,liberal_conservative,time_demographics_1,time_demographics_2,dk_sports,dk_economics,dk_politics,dk_climate,fin_lit_1,fin_lit_2,fin_lit_3,fin_lit_4,fin_lit_5,fin_lit_score,math_convergence,math_sick_people,math_percentage,math_score,crt4_1,crt4_2,crt4_3,crt4_4,crt4_score,time_sdk,time_fin_lit,time_math,time_crt4,b5_intellect_1,b5_intellect_2,b5_intellect_3,b5_intellect_4,b5_intellect_5,b5_intellect_6,b5_intellect_7,b5_intellect_8,b5_intellect_9,b5_intellect_10,b5_intellect_score,b5_openness_1,b5_openness_2,b5_openness_3,b5_openness_4,b5_openness_5,b5_openness_6,b5_openness_7,b5_openness_8,b5_openness_9,b5_openness_10,b5_openness_score,sop2_optimism,sop2_pessimism,oct_1,oct_2,oct_3,tsq_1,tsq_2,tsq_3,tsq_4,tsq_5,tsq_6,tsq_7,tsq_8,tsq_9,tsq_10,tsq_11,tsq_12,tsq_13,tsq_14,tsq_15,tsq_16,tsq_17,tsq_18,tsq_19,tsq_20,tsq_21,tsq_22,tsq_23,tsq_24,tsq_active_score,tsq_close_score,tsq_intuitive_score,tsq_effortful_score,rcs_1,rcs_2,rcs_3,rcs_4,rcs_5,rcs_6,rcs_7,rcs_8,rcs_9,rcs_10,rcs_ability_score,ius_1,ius_2,ius_3,ius_4,ius_5,ius_6,ius_7,ius_8,ius_9,ius_10,ius_11,ius_12,ius_score,loc_1,loc_2,loc_3,loc_4,loc_internal_score,loc_external_score,ih_1,ih_2,ih_3,ih_4,ih_5,ih_6,ih_7,ih_8,ih_9,ih_10,ih_11,ih_arrogance_score,ih_criticism_score,ih_score,risk_preference,altruism,time_announcement_psychology,time_b5i,time_b5o,time_sop2,time_oct,time_tsq,time_rcs,time_ius,time_loc,time_ih,time_risk_altruism,e_and_p_1,e_and_p_2,e_and_p_3,e_and_p_4,num_candy,time_engagement_predictions,time_candy_prediction,id,attention_study_response,time_prediction,time_meta_prediction,time_consent,time_introduction,time_announcement_meta_predictions,time_announcement_predictions
3,2,25,0,9,2,11,10,6,9,15,8,1,0,0,0,0,1,0,1,3,1,3,7,1,1,1,1,0,6,3,5,2,4,5,3,2,2,4,1,1,3,5,5,4,5,2,1,2,4,2,1,4,2.666666667,1,1,0,0,6,6,3,1,6,3,4,2,3,5,3,4,0,0,1,0,4,4,0,4,3,48,4,2,1,1,0,0,1,0,4,Vermont,515,3,5,6,11,11,1,5,1,4,1,2,4,1,2,0.6,2,598,1134,0.333333333,9,31,50,3,0.25,12,1,0,8,4,3,3,4,4,4,5,2,5,5,3.1,3,5,4,2,5,3,5,4,3,1,2.7,7,2,35,15,95,2,1,1,6,1,6,1,4,6,4,4,3,4,5,1,2,4,2,5,6,4,3,6,2,4.166666667,3.666666667,3,2.666666667,5,3,2,5,1,5,3,4,5,2,3.3,5,1,5,5,2,3,3,5,5,4,3,3,3.666666667,5,2,1,4,3.5,2.5,3,2,3,1,4,2,4,5,3,3,3,2.5,3.6,3,0,6,2,0,0,4,8,8,4,7,8,1,4,5,3,6,7,741,7,9,1,-4,76,83,38,108,2,40
7,1,21,1,13,3,11,18,5,9,22,7,0,0,1,0,0,1,0,1,4,1,4,9,1,1,1,1,0,1,6,1,3,5,5,2,5,2,4,2,3,5,3,2,2,4,4,3,2,2,5,5,1,3,1,0,0,0,4,6,3,3,2,3,6,5,5,6,3,6,7,7,7,8,29,11,12,11,12,76,5,1,7,1,0,0,0,0,5,Tennessee,566,7,1,9,11,12,5,7,2,2,4,3,3,1,1,0.4,0,427,961,0.333333333,8,45,235,3,0.25,54,4,0,1,1,3,1,5,5,3,2,5,1,1,2.7,2,5,1,3,3,2,2,1,5,5,2.3,4,2,60,50,95,1,2,1,1,6,3,6,2,5,2,5,2,2,2,6,5,5,3,6,4,3,4,5,1,4.666666667,3.666666667,3.833333333,3.166666667,3,5,3,1,4,2,3,5,3,4,3.1,3,2,2,4,5,1,1,2,1,3,4,1,2.416666667,5,3,5,2,4,3.5,4,5,1,2,3,4,1,4,5,5,3,3.166666667,3.6,3.363636364,6,1,0,8,7,3,4,10,3,5,7,3,6,4,5,1,3,373,12,12,2,0,119,111,4,14,32,105
1,6,17,0,9,3,11,10,5,9,1,2,1,0,1,0,1,1,0,0,7,0,7,10,1,1,1,1,0,7,6,4,2,2,1,2,2,4,2,2,1,5,1,1,4,4,4,4,4,3,1,2,4,3,1,0,0,1,3,3,2,5,4,5,6,5,6,6,4,6,8,9,11,11,11,11,11,11,12,51,3,5,5,1,0,0,1,0,5,Oklahoma,217,6,3,7,10,10,4,2,6,6,4,3,1,1,3,0.4,3,396,1940,0.333333333,97,27,475,1,0,7,4,9,6,2,5,2,4,4,4,3,2,4,5,2.9,5,5,4,1,5,5,3,3,4,2,2.3,3,6,85,10,35,5,2,6,4,3,6,5,2,1,4,5,6,5,6,4,3,6,5,4,2,6,3,5,6,2.666666667,3.833333333,4.833333333,2.666666667,5,1,5,1,2,5,3,2,3,2,3.1,5,5,2,2,2,2,2,2,5,3,1,1,2.666666667,2,5,2,4,3.5,3,3,2,5,3,3,2,5,4,1,1,1,3,2.4,2.727272727,4,7,6,5,7,2,3,9,7,5,11,3,8,6,4,7,5,294,12,11,3,1,104,97,89,31,52,67
1,1,22,1,8,4,11,27,4,9,14,22,1,0,1,0,1,1,0,0,6,0,6,7,1,1,1,1,0,2,4,1,3,5,4,1,3,4,4,2,5,3,2,5,3,5,3,2,4,1,2,2,1,3,0,1,1,0,5,3,1,3,3,2,2,1,4,2,1,4,7,5,5,5,4,5,4,4,4,28,4,5,4,0,1,1,1,0,2,Oregon,76,2,5,7,3,2,1,1,6,6,4,4,1,3,1,0,5,47,1343,0.333333333,42,47,304,2,0,2,12,11,39,3,5,4,4,2,1,1,2,2,1,3.5,4,5,3,4,4,2,3,4,5,4,3,6,5,60,15,55,5,5,1,1,3,3,4,6,3,4,4,1,4,1,1,3,3,1,4,2,3,3,6,6,4,3.666666667,2.166666667,3,5,2,2,2,1,4,1,3,2,5,3.3,5,4,5,1,2,1,1,4,2,5,2,5,3.083333333,2,4,5,5,3,5,5,5,3,3,3,4,5,1,3,3,2,3.833333333,2.8,3.363636364,0,9,11,11,13,9,12,7,11,12,10,9,11,4,6,3,1,545,3,3,4,-4,22,26,99,84,100,82
14,5,3,1,10,2,11,24,6,9,18,2,1,0,1,1,0,1,0,1,7,1,7,6,1,1,1,1,0,5,5,1,4,3,3,1,4,2,4,2,2,5,4,3,2,2,1,4,2,5,1,3,1,3.333333333,0,0,0,1,1,2,4,5,4,3,2,6,2,6,3,3,13,13,12,12,11,13,12,11,10,58,1,5,6,1,0,1,1,0,9,Wyoming,511,2,2,4,8,7,5,3,3,1,4,1,5,1,2,0.4,4,707,1669,0.333333333,52,89,332,3,0.25,7,7,8,8,3,5,4,2,4,1,5,4,5,5,2.6,3,3,1,3,1,1,1,2,5,5,2.9,5,6,95,100,60,6,1,6,6,3,4,5,6,3,1,5,2,3,2,3,1,4,4,4,2,1,2,5,3,2.666666667,3.666666667,2.833333333,4.166666667,4,1,1,5,2,5,3,3,3,5,3.6,1,3,2,2,5,4,3,2,1,3,3,3,2.666666667,3,4,3,2,3.5,2.5,5,4,2,3,3,3,1,5,5,2,4,3.333333333,3.4,3.363636364,0,8,7,11,11,13,12,12,12,12,11,12,11,2,6,1,1,161,10,9,5,-2,97,81,40,3,41,98
30,1,20,1,27,1,11,10,3,9,23,12,1,0,0,1,0,0,0,1,19,1,19,1,1,1,1,1,0,4,3,2,3,1,2,1,2,5,3,3,3,3,4,2,5,3,1,2,4,4,3,5,5,2.5,1,1,1,1,2,3,3,3,1,4,1,5,1,5,6,2,9,11,12,11,11,11,11,11,12,30,2,4,2,1,0,0,0,0,1,Louisiana,839,5,2,7,17,10,6,4,1,4,4,2,2,1,2,0.6,2,174,590,0.333333333,56,72,484,1,0,12,5,6,7,2,3,1,2,1,1,2,2,1,3,2.8,4,4,3,2,5,2,4,2,3,2,2.7,2,7,90,45,15,3,6,6,6,5,2,1,2,5,2,6,2,5,5,1,2,6,1,6,4,3,2,6,2,2.333333333,3,3.333333333,3.166666667,5,5,3,4,5,1,2,4,5,4,2.4,5,5,5,5,4,4,2,5,5,4,3,4,4.25,4,4,3,3,4,3,2,5,1,4,1,4,3,1,3,5,3,2.833333333,3,2.909090909,8,1,4,4,6,8,4,10,5,7,9,7,7,4,7,7,2,811,12,10,6,2,67,111,40,60,72,30
28,3,19,0,11,3,11,11,1,9,8,30,1,0,1,0,0,0,0,0,28,0,28,10,1,1,1,1,0,4,5,2,3,3,3,2,2,4,3,2,4,5,5,1,5,3,5,5,5,4,2,3,2,3.833333333,1,1,1,1,6,3,5,4,1,3,4,1,6,1,2,6,10,9,10,10,13,14,12,10,11,75,3,3,1,1,1,1,1,0,3,Rhode Island,591,2,1,5,8,7,7,4,1,4,2,4,1,1,3,0.2,1,903,1091,0.333333333,15,24,161,1,0,6,9,9,8,3,3,2,5,5,1,4,2,1,3,3.1,5,5,1,4,5,4,2,1,1,1,2.3,5,3,70,10,70,2,4,6,2,4,4,2,5,4,5,2,2,3,1,4,6,4,5,6,4,6,3,3,6,3.333333333,3.333333333,3.833333333,2.333333333,1,1,2,3,3,3,2,5,3,2,3.5,3,3,2,1,1,5,1,1,2,2,3,3,2.25,3,4,5,4,3.5,4.5,5,3,1,5,2,2,3,4,3,5,3,3,3.6,3.272727273,2,0,21,12,13,12,11,12,11,12,11,11,11,4,3,7,7,756,10,8,7,-2,75,110,36,28,115,37
9,3,6,1,12,3,11,20,4,9,12,26,1,0,1,0,1,0,0,0,5,0,5,2,1,1,1,1,0,2,4,5,3,5,3,4,1,4,2,2,3,1,4,2,1,2,2,2,5,1,4,5,5,2.333333333,0,0,0,0,2,1,5,5,4,1,4,4,2,3,5,5,12,12,11,11,11,12,11,12,12,20,2,5,2,1,1,1,1,0,7,Colorado,371,7,2,7,9,6,1,5,2,5,1,3,4,2,1,0.4,5,286,1668,0.333333333,100,76,262,2,0,8,4,3,6,3,2,3,1,3,4,3,1,5,2,2.9,4,3,5,4,3,2,1,3,4,1,3,7,7,90,95,30,5,5,4,4,6,2,5,2,2,2,4,1,5,2,3,5,6,2,3,1,5,1,1,2,2.666666667,2.666666667,3.833333333,4.833333333,5,5,2,2,1,3,1,4,2,5,3,1,5,3,3,4,4,5,5,1,3,3,2,3.25,5,5,5,1,5,3,3,3,1,1,2,1,1,5,4,3,3,1.833333333,3.2,2.454545455,4,3,4,8,7,2,8,8,8,15,5,6,4,4,2,6,2,977,12,9,8,2,2,23,22,96,113,62
14,2,11,1,10,1,11,22,2,9,26,28,1,1,1,0,1,0,0,0,8,0,8,7,1,1,1,1,0,7,3,1,5,4,3,4,4,5,5,1,2,2,5,4,5,5,4,2,5,4,3,4,5,2.833333333,1,0,1,0,4,6,2,5,3,6,4,4,2,3,4,4,8,8,7,11,12,11,11,12,11,81,4,3,2,0,0,0,1,0,7,New York,969,1,5,8,11,13,1,1,6,3,3,4,5,2,1,0,2,71,1063,0.333333333,20,35,248,3,0.25,13,2,4,1,3,5,4,1,1,5,4,2,1,4,3.8,5,1,2,3,2,1,1,1,4,5,3.3,1,1,35,0,80,3,3,4,4,5,1,3,1,6,2,4,4,4,6,6,1,2,1,3,3,1,2,1,3,3.666666667,3.333333333,3.333333333,4.833333333,4,5,3,1,5,4,1,3,2,5,2.7,5,2,5,2,1,3,5,4,1,1,2,5,3,5,1,2,5,3,3.5,5,5,3,5,3,4,3,5,2,5,5,4.166666667,4,4.090909091,8,5,4,8,5,10,8,10,4,5,5,4,8,2,7,4,3,184,12,12,9,2,45,35,1,24,115,43
20,5,10,0,19,2,11,16,5,9,28,30,1,0,1,1,0,1,0,1,5,1,5,3,1,1,1,1,0,1,5,5,2,4,4,5,4,2,4,2,4,2,3,4,1,5,1,5,4,4,3,5,2,3.5,0,0,1,0,1,1,2,4,1,5,5,1,4,2,4,5,13,12,11,11,11,10,9,8,8,53,5,3,3,1,0,0,1,0,3,Massachusetts,355,2,3,4,10,5,6,4,4,3,4,1,2,2,1,0.2,2,150,1033,0.333333333,90,48,347,1,0,4,20,14,11,3,2,3,5,2,4,3,5,4,3,3,3,4,1,1,3,5,5,3,1,5,2.9,2,6,15,75,10,4,1,1,3,3,6,4,3,4,4,1,1,6,6,3,3,5,4,1,5,1,3,3,5,4,2.833333333,4.5,4,1,3,3,1,1,1,5,4,1,2,3.4,1,4,1,2,3,3,4,2,5,4,3,2,2.833333333,5,2,4,5,3.5,4.5,1,1,2,4,3,4,4,3,2,5,3,2.5,3.4,2.909090909,3,5,11,13,12,15,12,12,11,11,11,11,21,4,7,4,2,694,7,5,10,4,75,7,14,60,50,72
20,5,13,0,29,2,11,20,2,9,23,29,0,1,1,1,0,1,0,0,8,0,8,1,1,1,1,1,0,6,3,4,2,3,2,2,5,3,4,3,1,2,1,2,4,4,2,1,4,5,4,2,3,3.5,0,1,1,1,2,1,1,2,6,4,1,6,3,3,4,6,30,12,13,11,10,11,10,9,8,93,1,3,4,1,0,1,0,0,2,Rhode Island,523,5,5,3,5,5,2,2,6,6,2,2,5,2,1,0,3,134,633,0.333333333,39,41,470,2,0,3,11,38,11,1,1,5,4,3,1,5,2,2,5,2.9,5,2,3,3,3,2,1,5,5,1,3,5,6,5,35,30,4,3,5,5,2,6,1,1,4,4,1,2,1,4,4,6,2,1,5,3,5,2,2,6,2.833333333,2.166666667,3,3.166666667,5,4,1,2,1,2,1,5,2,4,3.1,5,2,1,4,1,2,3,5,4,5,4,2,3.166666667,1,4,3,3,2.5,3,5,5,1,1,5,4,3,5,1,3,3,3.5,3,3.272727273,9,7,11,11,11,11,13,12,11,12,13,12,9,1,1,7,3,113,6,5,11,-2,29,92,61,30,87,78
9,3,22,1,25,6,11,19,2,9,29,9,1,1,0,1,1,0,0,0,22,0,22,9,1,1,1,1,0,6,6,5,4,4,1,3,5,3,3,1,2,1,4,2,1,3,5,1,3,3,1,1,3,2.666666667,1,0,0,0,4,3,6,6,2,1,4,3,2,6,2,4,12,12,11,11,13,8,10,12,13,21,3,4,4,1,1,0,1,0,2,Missouri,834,6,4,9,11,10,1,7,4,2,1,1,4,2,3,0.2,2,534,1734,0.333333333,55,85,250,3,0.25,9,5,6,7,1,3,1,1,5,4,4,3,2,2,2.6,4,4,5,3,5,3,3,4,3,1,2.9,4,3,15,35,45,6,4,6,4,2,4,5,5,6,3,1,2,1,3,4,4,5,2,6,1,4,5,1,6,2.666666667,3.666666667,3.166666667,3.166666667,3,3,3,5,4,5,3,3,3,2,2.8,2,3,3,3,4,5,3,1,1,4,2,3,2.833333333,2,5,4,4,3.5,4,1,2,5,4,5,1,3,4,2,4,1,3,2.8,2.909090909,0,3,8,8,10,13,8,12,8,11,11,11,11,4,2,5,7,648,12,10,12,-2,82,116,114,111,100,73
10,6,14,0,29,3,11,26,4,9,20,22,0,0,1,1,1,0,0,1,24,1,24,10,1,1,1,1,0,1,6,3,4,2,3,1,1,5,2,2,4,5,2,5,4,5,5,2,3,4,5,4,3,3.166666667,1,0,0,0,5,5,2,2,6,4,1,2,1,5,5,5,12,11,10,11,11,12,12,12,10,57,1,1,7,1,0,0,0,0,2,North Dakota,528,1,4,2,9,12,3,5,3,6,3,3,1,2,2,0.4,4,110,1772,0.333333333,82,76,286,3,0.25,13,4,7,4,5,5,4,2,5,4,2,2,5,5,2.9,1,5,5,2,2,5,4,5,2,4,3.1,5,4,30,70,90,5,5,1,4,1,5,1,2,2,5,4,3,4,6,5,2,6,4,1,2,6,2,2,1,3.5,2.833333333,4.5,4.666666667,2,4,2,5,2,2,3,3,1,3,2.7,3,5,4,3,2,3,5,4,5,3,1,5,3.583333333,5,2,5,4,3.5,4.5,1,5,2,4,5,4,3,3,3,2,5,3.5,3.2,3.363636364,3,8,3,8,9,11,8,8,6,8,10,7,7,4,3,3,6,636,11,5,13,3,51,33,92,120,101,107
13,6,15,1,15,3,11,9,3,9,5,12,0,0,1,0,0,1,0,1,6,1,6,10,1,1,1,1,0,2,2,1,2,1,5,2,3,2,2,5,3,1,3,5,5,5,4,3,2,2,3,1,3,3,1,0,1,1,2,6,5,1,3,1,6,2,6,6,6,4,10,8,10,13,12,12,11,11,10,59,2,4,5,0,1,0,1,0,6,Indiana,179,6,4,9,6,6,2,8,1,4,1,3,1,3,3,0.4,0,824,699,0.333333333,36,42,148,2,0,5,7,8,11,3,1,1,1,1,2,5,3,1,3,2.9,5,1,2,2,4,4,3,5,3,4,3.3,3,6,35,55,35,3,6,6,6,1,4,3,6,5,4,1,5,4,1,2,2,2,4,6,1,5,5,3,6,2.666666667,4,2.5,2.666666667,5,5,1,4,1,5,1,2,5,2,2.9,4,1,3,1,1,3,5,3,4,5,5,3,3.166666667,3,3,4,5,3,4.5,2,1,3,4,5,1,2,2,3,1,1,2.666666667,1.8,2.272727273,5,2,11,12,10,11,12,12,13,10,11,11,12,2,4,4,7,480,8,8,14,-3,4,70,8,3,120,109
20,6,7,0,2,2,11,26,1,9,28,8,1,0,0,0,1,1,0,0,2,0,2,5,1,1,1,1,0,7,1,2,2,4,3,1,5,1,2,1,5,1,3,2,5,5,5,2,5,4,4,2,5,3.333333333,0,0,0,0,3,6,5,4,5,2,3,4,3,4,5,5,8,8,5,6,4,5,6,5,4,75,1,1,4,1,0,0,0,0,9,U.S. Virgin Islands,181,6,1,10,3,2,7,8,6,6,1,1,3,1,2,0.6,4,464,1970,0.333333333,68,52,336,2,0,2,12,12,12,2,4,4,1,5,4,3,2,4,5,2.6,3,4,5,4,1,1,3,2,1,5,3.9,4,5,50,35,90,1,3,2,1,3,3,6,1,5,2,1,2,2,1,4,5,2,6,4,1,2,2,2,6,4.833333333,2.833333333,3.333333333,4.166666667,2,5,1,1,5,2,1,5,1,2,2.7,1,5,5,1,5,4,3,3,5,5,1,5,3.583333333,4,3,4,5,3.5,4.5,1,5,4,1,1,3,4,3,4,1,1,2.5,2.6,2.545454545,9,9,41,13,12,8,11,12,11,10,10,7,11,4,7,7,3,840,3,3,15,-2,42,62,4,89,58,114
20,3,10,1,27,6,11,6,3,9,26,0,1,0,1,0,1,1,0,0,19,0,19,2,1,1,1,1,0,7,3,3,5,5,4,2,5,4,1,2,2,3,1,1,3,1,5,5,3,2,2,2,2,3.333333333,0,1,1,1,4,1,5,4,1,5,3,4,1,1,5,4,12,13,11,11,12,12,12,9,9,78,2,3,4,0,0,1,0,0,1,North Dakota,780,6,4,6,13,12,3,8,5,4,1,2,1,2,3,0.2,0,124,1590,0.333333333,65,87,442,2,0,11,6,5,4,1,2,1,1,1,3,3,3,4,4,2.3,4,4,4,3,5,5,2,3,5,3,2.4,3,3,95,25,30,2,6,5,2,6,5,3,3,2,5,6,1,6,5,5,6,6,2,2,4,3,2,3,5,2.666666667,3.333333333,5,3.833333333,2,3,3,1,4,1,3,5,4,1,3.1,3,2,3,4,4,5,3,2,3,5,3,2,3.25,1,4,5,5,2.5,5,4,5,3,1,3,3,1,5,4,4,4,3.166666667,3.6,3.363636364,8,0,3,9,8,11,8,8,11,9,7,7,11,7,4,3,2,378,11,12,16,2,81,39,41,46,107,11
8,5,18,0,15,3,11,10,4,9,19,5,0,0,1,0,0,0,0,1,6,1,6,1,1,1,1,1,0,3,3,4,3,1,2,4,2,1,5,2,3,2,4,5,5,5,2,2,4,5,5,5,2,3.5,0,1,0,0,5,3,1,6,2,2,5,1,5,4,2,4,7,5,6,6,4,4,4,4,3,61,2,2,5,0,1,1,0,0,6,Colorado,825,1,1,1,2,1,5,5,2,6,3,3,2,2,2,0.6,1,973,1636,0.333333333,53,71,27,1,0,1,12,12,44,4,4,4,5,1,5,2,2,1,3,4.1,5,2,4,3,1,1,3,5,2,3,4.1,4,3,80,0,10,1,2,3,5,2,1,4,1,4,3,2,5,6,6,5,5,6,3,5,2,2,6,6,5,4.666666667,3.166666667,5.166666667,2.666666667,5,1,2,5,2,2,1,2,3,2,2.5,5,1,5,5,3,4,2,1,4,5,5,4,3.666666667,5,4,2,4,4.5,3,5,2,1,3,5,5,5,2,4,3,3,3.5,3.4,3.454545455,2,0,13,9,9,12,6,11,13,10,11,9,12,7,1,1,7,689,3,2,17,2,20,33,59,12,95,118
4,1,25,1,8,5,11,29,6,9,4,10,0,0,1,1,0,0,0,0,3,0,3,8,1,1,1,1,0,7,4,4,3,4,4,4,1,3,2,2,2,4,4,1,4,1,3,3,5,5,3,1,4,3.833333333,1,0,1,1,3,5,2,3,4,6,3,2,4,1,1,6,11,12,12,13,10,11,11,10,8,19,1,3,5,0,1,1,0,0,9,Hawaii,127,3,3,5,6,4,6,2,6,5,4,2,2,1,2,0.6,0,681,566,0.333333333,81,8,393,3,0.25,5,9,19,11,1,1,3,4,2,5,3,4,3,5,2.7,5,1,3,3,1,4,4,5,4,2,3.6,1,4,30,65,10,5,4,3,2,2,6,2,5,2,6,5,6,5,3,6,2,3,4,5,2,2,6,6,2,3.333333333,4.333333333,3.833333333,3.166666667,3,2,3,1,4,3,2,2,4,2,3,1,3,3,2,1,2,1,3,1,2,1,2,1.833333333,4,2,3,2,3,2.5,3,2,2,3,5,2,5,1,4,2,5,2.833333333,3.4,3.090909091,10,5,12,12,12,11,11,12,19,12,11,11,11,3,7,6,1,234,6,6,18,-2,108,69,7,16,69,109
23,6,10,1,12,6,11,3,1,9,5,26,0,1,1,1,0,0,0,0,2,0,2,10,1,1,1,1,0,5,5,2,2,1,2,2,4,5,5,1,5,1,3,2,4,1,4,5,5,3,3,5,4,3.166666667,1,0,0,0,4,2,6,3,3,4,3,1,3,5,1,2,9,6,6,6,4,5,4,4,4,90,2,5,6,0,1,1,0,0,2,Guam,122,4,1,7,3,3,4,4,1,6,1,1,3,2,3,0.2,4,985,1287,0.333333333,83,20,379,1,0,3,12,11,8,5,3,5,3,4,5,1,3,4,5,3,3,2,4,4,2,2,5,5,3,4,4,7,5,20,100,10,2,5,2,4,6,6,5,4,3,1,4,4,1,1,4,4,6,5,5,1,4,5,4,5,2.833333333,3.5,3.5,3,2,3,1,2,1,5,2,5,2,2,3.7,1,1,3,1,3,3,1,4,3,3,2,5,2.5,5,4,5,4,4.5,4.5,1,1,1,2,5,4,4,3,3,1,1,2.333333333,2.4,2.363636364,1,1,13,13,11,13,12,11,12,10,10,11,9,1,1,5,7,8,3,4,19,3,116,105,52,57,11,42
8,3,2,1,25,5,11,25,2,9,16,9,1,0,0,0,1,0,0,0,6,0,6,9,1,1,1,1,0,3,5,5,1,3,2,3,4,4,1,2,2,5,4,4,3,3,4,1,5,1,2,3,4,2.333333333,1,1,0,0,4,4,5,3,5,6,2,6,6,6,6,1,10,9,7,6,7,6,5,5,4,77,4,3,1,0,0,1,1,0,5,U.S. Virgin Islands,811,4,1,3,4,3,3,5,5,1,1,2,2,1,1,0.6,3,203,793,0.333333333,46,34,341,1,0,2,11,13,11,1,2,5,1,1,1,4,2,2,2,3.1,2,1,1,3,4,3,2,2,5,1,2.2,3,3,35,0,15,5,3,1,4,1,2,3,3,4,2,4,1,2,5,3,6,1,1,4,5,4,6,2,1,4.333333333,2.833333333,3,3.333333333,4,2,2,5,2,1,2,5,3,2,2.8,1,2,4,2,1,2,2,4,1,4,5,2,2.5,1,1,3,3,1,3,3,3,1,2,4,5,3,1,5,2,3,3,2.8,2.909090909,0,3,13,10,17,12,10,12,11,11,13,14,10,6,4,7,7,390,4,3,20,2,27,74,77,11,31,50
3,6,27,0,30,6,11,3,1,9,20,4,1,0,1,1,0,1,0,0,6,0,6,9,1,1,1,1,0,2,2,1,2,4,4,5,2,3,2,5,1,2,4,5,1,2,5,5,4,5,1,5,3,3.166666667,0,1,1,1,3,6,5,1,5,1,1,1,1,6,4,6,12,10,12,11,12,12,11,11,10,31,1,3,4,0,0,0,0,1,9,New York,854,5,1,7,10,12,3,1,5,2,3,3,1,2,3,0.2,2,645,1452,0.333333333,70,95,425,3,0.25,12,2,6,14,3,4,2,4,5,3,4,1,2,1,3.5,4,4,3,1,4,1,1,1,5,4,2.4,1,1,25,10,50,2,2,6,2,5,6,3,4,3,4,1,5,1,1,3,1,5,6,3,4,6,2,1,2,3.166666667,3.333333333,2.833333333,4,3,2,5,2,2,4,5,3,1,4,3.3,5,1,3,1,1,2,3,5,4,4,3,3,2.916666667,3,1,5,5,2,5,4,2,1,4,4,1,3,3,2,4,5,2.666666667,3.4,3,10,3,5,8,9,6,7,11,8,11,7,11,5,2,1,6,6,482,5,9,21,2,116,48,41,106,7,77
7,3,22,1,10,3,11,21,3,9,11,8,0,0,0,1,1,1,0,1,1,1,1,9,1,1,1,1,0,4,2,3,5,4,5,4,1,1,4,1,4,3,4,3,2,5,5,4,3,2,2,3,5,2.5,0,0,0,0,6,4,2,4,3,6,2,2,3,3,1,1,11,11,10,10,9,8,7,6,6,61,3,3,6,1,1,1,0,0,8,Indiana,629,2,1,10,4,4,2,1,3,3,1,2,3,2,1,0.2,2,629,837,0.333333333,60,83,110,1,0,4,11,11,11,3,2,1,3,3,5,4,1,4,5,2.9,1,2,1,3,5,1,1,3,2,2,2.5,7,2,55,70,60,1,3,3,2,3,1,4,3,1,1,1,4,5,3,6,4,5,2,5,4,2,1,3,6,4.833333333,2.333333333,4.166666667,3.5,3,1,5,2,1,5,1,2,4,1,3.1,4,2,1,2,5,3,2,4,4,1,3,1,2.666666667,2,3,2,3,2.5,2.5,5,5,4,3,4,5,4,4,4,3,4,4.333333333,3.8,4.090909091,7,6,12,11,11,11,12,14,12,13,12,9,12,6,6,6,4,593,4,4,22,0,107,63,51,49,89,72
13,3,23,0,30,3,11,20,4,9,6,7,1,0,0,1,0,1,0,0,5,0,5,2,1,1,1,1,0,1,1,3,4,4,2,5,4,3,2,1,2,3,5,5,3,4,3,2,5,5,1,3,3,3.166666667,0,1,0,0,6,5,1,2,3,6,5,4,2,4,5,1,5,5,4,3,4,3,2,3,2,66,3,4,7,1,1,0,1,0,4,Iowa,403,2,3,7,0,0,5,5,3,6,1,1,5,1,3,0.4,1,457,1620,0.333333333,30,45,163,1,0,1,32,13,12,4,2,2,1,5,3,1,1,2,4,2.5,3,5,1,4,4,1,2,4,4,5,2.9,2,6,90,95,35,6,3,2,4,2,6,1,1,4,3,3,5,1,5,2,1,5,1,3,3,1,1,6,5,3.166666667,2.833333333,2.5,3.833333333,2,1,5,4,3,4,4,1,2,2,2.8,2,3,4,4,5,4,3,2,1,3,2,4,3.083333333,2,3,3,2,2.5,2.5,2,5,5,2,4,3,5,2,2,4,1,3.5,2.8,3.181818182,10,3,11,6,6,6,6,9,9,5,11,10,11,5,1,1,7,287,1,1,23,3,104,102,101,22,12,77
26,2,14,1,21,4,11,2,1,9,15,30,0,0,1,0,0,0,0,0,2,0,2,5,1,1,1,1,0,4,4,1,1,4,3,3,2,5,5,3,5,4,4,3,5,5,1,1,3,2,5,1,1,3.5,1,1,1,0,6,6,1,3,4,1,2,1,2,1,2,3,9,9,7,6,6,5,6,4,4,90,5,6,5,0,1,0,1,0,5,Delaware,342,3,2,9,3,4,1,4,1,3,3,4,5,2,3,0,5,993,520,0.333333333,23,88,312,1,0,2,12,11,13,3,1,4,2,4,2,1,5,5,4,1.9,2,4,5,4,2,2,3,5,3,1,3.3,1,2,35,40,60,3,2,1,5,1,6,4,6,4,1,2,1,4,6,1,6,2,4,4,6,4,5,5,6,4,3,3.833333333,2,1,2,2,2,1,3,4,2,5,3,3.9,5,3,1,1,5,4,2,3,3,2,2,2,2.75,4,4,3,1,4,2,4,1,4,4,5,5,5,5,2,3,5,3.833333333,4,3.909090909,9,2,11,13,12,10,13,11,10,11,10,15,12,2,4,3,7,623,4,3,24,-1,27,51,4,72,42,21
4,3,15,1,5,5,11,5,3,9,7,24,1,0,1,1,0,1,0,1,5,1,5,7,1,1,1,1,0,1,4,3,1,4,5,1,4,3,5,3,1,3,2,3,5,2,1,3,3,3,2,1,3,3.166666667,0,1,0,1,1,3,1,4,6,6,4,1,1,4,4,4,10,11,12,11,14,11,11,12,12,61,4,2,2,0,1,0,0,0,8,Iowa,29,6,4,10,11,8,3,4,6,4,4,1,4,3,3,0,2,507,1065,0.333333333,72,81,305,3,0.25,13,3,3,4,2,2,4,1,3,5,2,2,5,2,2.8,2,1,1,4,2,2,4,4,4,4,3.4,5,2,75,85,60,2,5,4,4,4,1,1,6,5,4,1,3,5,3,4,4,4,3,3,3,5,2,4,1,3.666666667,3.333333333,3.833333333,4,5,5,3,2,1,2,4,3,1,1,2.5,1,5,4,1,3,3,3,5,1,2,3,2,2.75,1,2,4,5,1.5,4.5,4,4,2,1,1,2,3,3,5,3,1,2.333333333,3,2.636363636,10,0,3,5,6,7,12,8,8,8,4,10,2,4,1,6,7,659,11,13,25,-4,113,94,4,2,19,54
2,6,14,0,28,2,11,28,4,9,24,24,1,0,0,1,0,1,0,1,5,1,5,2,1,1,1,1,0,5,1,3,5,1,2,1,1,3,5,5,3,5,1,3,4,1,1,2,3,1,1,4,3,2,0,1,0,1,3,2,2,2,6,6,5,3,5,2,1,6,11,11,11,12,11,11,12,12,11,72,1,5,4,0,1,0,0,0,9,California,159,1,1,5,5,9,5,1,2,3,4,2,5,1,1,0.2,0,504,1534,0.333333333,41,36,173,3,0.25,12,14,6,2,2,5,1,3,2,2,3,2,3,1,3.2,3,4,4,3,1,2,5,2,3,5,3.6,2,2,70,55,75,2,1,5,1,1,6,4,3,5,2,4,6,5,3,6,5,4,4,3,3,3,1,5,1,4.333333333,4,4.5,4.333333333,5,4,5,3,1,3,2,5,2,2,2.6,4,4,5,1,4,1,5,4,2,3,1,3,3.083333333,1,4,2,4,2.5,3,3,5,5,4,5,3,1,5,3,3,4,4.166666667,3.2,3.727272727,0,6,3,7,8,6,5,8,7,7,11,10,5,5,7,7,5,935,10,7,26,2,83,31,73,45,7,4
1,1,10,0,25,2,11,6,6,9,28,1,0,1,1,1,1,0,0,1,6,1,6,8,1,1,1,1,0,1,5,2,1,2,3,2,2,1,5,1,5,2,4,5,4,2,3,3,1,3,3,1,1,3.333333333,1,1,1,0,4,1,3,5,1,3,1,3,4,5,4,1,11,12,11,12,12,14,13,6,12,70,1,5,1,1,1,0,0,0,4,Colorado,475,4,5,3,12,10,6,6,1,2,1,2,5,1,1,0.4,2,388,590,0.333333333,3,64,332,2,0,11,4,11,7,5,3,4,5,5,5,5,1,3,3,3.9,2,2,5,2,5,1,1,3,3,3,2.9,6,6,65,5,55,3,6,1,4,5,4,3,5,6,1,2,5,4,5,3,1,5,4,6,2,5,3,5,1,3.166666667,3.666666667,3.666666667,3.333333333,4,4,2,4,1,3,4,4,5,5,3.6,2,1,1,5,4,4,1,3,5,4,5,5,3.333333333,5,1,3,1,3,2,4,1,3,3,1,4,2,3,2,2,2,2.666666667,2.2,2.454545455,8,7,7,7,7,11,10,11,11,7,11,11,11,1,3,1,3,669,13,12,27,0,69,40,100,108,98,104
18,1,14,1,1,4,11,30,5,9,26,14,0,1,0,1,0,1,0,1,2,1,2,4,1,1,1,1,0,6,5,2,5,3,3,3,4,1,4,1,3,2,3,4,2,3,1,5,2,5,5,5,3,3.5,0,1,1,1,1,1,4,4,6,6,3,1,2,5,1,2,7,6,5,5,4,8,5,4,3,98,3,1,7,0,1,1,0,0,7,Colorado,315,1,4,9,2,2,7,3,3,6,1,1,3,1,2,0.6,1,809,557,0.333333333,15,94,229,3,0.25,1,12,12,13,4,1,5,2,3,2,4,3,3,2,3.1,5,4,3,3,3,2,2,2,4,3,2.9,2,3,85,30,80,1,6,5,5,5,6,5,3,5,3,3,5,4,2,3,3,6,4,1,6,2,1,3,2,2.333333333,4,3.666666667,4.5,2,1,4,1,3,5,5,2,2,4,3.7,5,3,1,1,1,2,1,5,4,1,1,3,2.333333333,4,5,5,4,4.5,4.5,5,2,2,5,1,5,1,2,5,5,2,3.333333333,3,3.181818182,2,1,14,12,13,9,10,10,22,12,11,8,11,3,2,4,5,248,3,3,28,1,49,44,27,29,17,88
14,6,18,1,26,1,11,6,5,9,21,1,1,0,0,1,1,0,0,1,3,1,3,5,1,1,1,1,0,2,3,1,4,5,1,5,5,2,3,1,2,4,3,5,5,1,4,3,1,5,3,3,2,3.166666667,0,1,1,1,6,5,1,3,1,4,5,3,2,5,1,5,14,15,11,11,13,12,12,11,11,26,1,4,7,1,0,1,1,0,8,Oklahoma,502,6,2,8,8,6,1,3,4,2,4,2,5,1,1,0.2,3,141,836,0.333333333,95,16,197,1,0,8,9,9,8,3,2,5,2,3,4,2,3,2,1,3.3,1,4,4,4,4,2,1,4,2,4,3,2,6,55,65,90,3,1,1,4,2,5,4,1,6,3,5,3,2,5,1,1,6,4,5,2,6,2,2,4,4.333333333,3.666666667,3.166666667,3.5,4,4,5,1,1,4,5,3,3,5,3.5,1,4,3,5,5,4,1,5,4,3,4,1,3.333333333,2,2,3,4,2,3.5,4,3,2,5,5,4,3,3,4,1,4,3.833333333,3,3.454545455,5,2,8,11,11,11,11,12,11,11,12,11,12,6,7,6,4,234,10,8,29,1,111,38,80,60,105,37
2,5,29,1,18,4,11,10,1,9,9,11,0,0,1,0,1,0,0,1,5,1,5,1,1,1,1,1,0,5,1,2,2,5,5,3,3,3,1,3,5,2,3,5,4,5,4,3,2,4,3,4,1,3.166666667,1,0,1,0,5,5,6,3,6,3,6,2,5,2,4,1,8,7,6,7,17,5,3,4,3,99,5,4,7,1,1,1,1,0,6,Oregon,512,1,4,4,2,1,7,6,2,3,2,2,1,2,2,0.2,1,134,806,0.333333333,63,10,489,2,0,1,12,11,12,2,4,4,1,1,1,3,3,1,5,2.9,5,2,1,2,5,2,4,4,5,3,2.9,3,2,85,45,30,3,1,2,2,2,6,6,3,6,1,6,2,2,4,4,6,1,6,3,1,1,4,4,4,4.333333333,4,3.833333333,4.166666667,3,2,5,1,4,5,5,4,5,3,3.7,2,5,5,2,1,1,1,3,2,3,2,4,2.583333333,1,3,2,5,2,3.5,3,4,2,2,4,4,4,5,2,2,3,3.166666667,3.2,3.181818182,3,2,30,13,12,11,12,9,12,12,11,10,10,1,3,6,3,864,3,3,30,4,97,23,43,74,65,66
4,6,2,0,17,1,11,28,5,9,20,29,0,0,0,0,1,1,0,1,3,1,3,5,1,1,1,1,0,5,2,1,4,1,2,4,2,4,4,2,5,3,4,1,1,2,4,5,2,5,4,3,4,3.5,1,1,0,1,6,1,5,2,4,3,5,6,2,4,1,5,9,10,9,11,13,12,11,11,11,42,3,1,3,1,0,0,1,0,6,Guam,132,1,4,2,7,6,2,5,1,1,2,3,4,3,2,0.4,4,338,1993,0.333333333,88,64,461,3,0.25,6,8,7,16,1,2,2,2,3,5,4,5,1,3,2.8,1,3,4,5,3,1,3,4,3,2,3.3,2,2,60,40,0,6,6,5,2,2,4,2,2,6,4,3,5,4,1,4,6,4,1,5,2,5,2,4,5,2.833333333,3.666666667,3.333333333,3.166666667,4,4,2,3,2,3,2,1,5,3,2.9,2,4,1,2,2,5,2,4,2,3,3,5,2.916666667,2,5,4,1,3.5,2.5,5,1,2,2,5,3,4,2,2,1,3,3,2.4,2.727272727,8,10,11,12,12,11,11,12,12,9,11,12,12,7,3,3,4,945,9,8,31,-2,69,46,113,25,41,89
2,6,13,1,9,1,11,5,3,9,25,17,0,1,0,1,1,1,0,0,3,0,3,6,1,1,1,1,0,7,2,4,2,5,3,3,1,4,2,1,3,4,1,4,2,2,1,3,4,3,1,4,4,2.5,0,0,1,0,2,1,5,2,5,4,5,3,5,2,5,6,11,9,9,7,7,6,5,5,4,95,1,3,7,1,1,1,0,0,9,Guam,496,3,5,2,4,3,2,3,1,1,1,4,5,2,3,0.2,3,683,1682,0.333333333,56,94,116,3,0.25,4,10,12,12,4,1,5,5,3,3,1,2,2,2,3.4,2,5,3,3,3,3,1,1,3,1,2.1,7,5,85,95,20,1,6,3,6,4,5,2,2,2,5,4,1,5,4,5,4,2,3,1,6,5,4,5,1,2.833333333,2.666666667,3.833333333,3.333333333,1,4,5,2,2,5,3,1,1,2,2.8,2,1,2,3,2,3,2,4,4,3,2,1,2.416666667,4,2,3,1,3,2,3,5,3,3,5,5,2,2,5,2,4,4,3,3.545454545,5,6,12,12,8,12,13,11,12,12,11,15,11,3,4,6,6,722,5,4,32,2,76,109,98,96,49,63
13,6,5,0,30,6,11,11,6,9,5,4,1,0,1,0,0,0,0,0,5,0,5,9,1,1,1,1,0,2,1,4,2,2,2,5,2,4,4,5,5,3,2,5,1,2,1,5,1,4,3,3,4,3,0,0,0,1,6,1,5,4,5,2,2,5,5,4,4,1,11,12,12,12,11,13,13,11,11,58,2,5,2,1,0,1,0,0,8,New Hampshire,150,3,2,8,11,10,2,3,5,6,1,3,2,3,1,0.6,5,152,1727,0.333333333,60,92,368,3,0.25,11,9,4,10,3,4,4,1,2,2,5,2,4,1,3.4,3,2,4,1,5,5,2,1,5,4,2.2,7,1,15,20,90,5,4,4,2,4,6,6,2,5,5,3,2,1,3,3,2,1,4,4,6,3,4,6,5,2.833333333,3.833333333,2.333333333,2.333333333,4,2,1,1,3,1,1,1,4,4,3,2,5,1,2,3,3,4,5,2,3,4,4,3.166666667,2,1,2,3,1.5,2.5,5,5,2,3,3,4,1,4,2,4,5,3.666666667,3.2,3.454545455,3,9,5,12,11,7,10,9,9,11,11,7,11,7,3,3,6,902,12,12,33,4,10,31,76,31,102,60
21,6,19,0,8,2,11,21,6,9,21,2,0,1,1,1,1,0,0,0,7,0,7,3,1,1,1,1,0,1,3,4,2,2,3,5,5,1,5,4,2,2,5,2,1,2,1,1,2,1,1,1,1,2.5,0,1,1,1,5,2,1,6,6,5,3,5,5,5,3,2,10,12,13,12,12,13,12,11,11,64,3,2,2,1,0,1,1,0,9,Colorado,685,1,2,5,8,36,4,6,2,6,3,3,2,1,3,0.6,4,407,774,0.333333333,7,7,457,1,0,4,10,8,8,2,2,2,2,3,2,5,1,5,2,2.8,2,3,1,5,5,2,2,3,1,4,3,4,1,85,50,35,5,1,2,6,6,2,1,5,6,5,3,3,6,4,5,6,4,1,1,2,1,5,5,4,3.333333333,3.833333333,4.333333333,4,5,1,1,1,2,2,3,2,3,3,3.3,1,4,3,1,3,1,5,3,1,2,4,2,2.5,5,2,5,2,3.5,3.5,2,1,4,5,5,1,5,4,5,3,5,3,4.4,3.636363636,7,10,7,10,12,11,12,11,13,11,13,11,11,2,1,1,6,700,9,9,34,3,3,76,86,41,33,3
7,5,12,1,4,2,11,3,2,9,20,28,0,0,1,0,1,1,0,0,3,0,3,4,1,1,1,1,0,7,5,3,4,3,2,3,4,1,3,4,1,2,3,5,1,3,1,5,5,3,5,1,1,4.666666667,1,1,0,1,5,2,1,3,2,2,3,4,2,6,6,1,12,12,10,11,10,10,8,7,7,69,3,1,3,1,0,0,1,0,6,Alabama,632,7,4,6,3,5,2,7,3,4,4,4,3,2,3,0,3,765,1046,0.333333333,12,37,18,1,0,4,12,11,11,1,1,5,1,4,2,1,5,2,1,2.3,1,2,3,3,2,5,4,2,5,3,2.6,7,2,35,65,15,2,6,2,1,2,5,5,4,2,6,1,6,3,1,2,4,5,1,5,6,1,5,4,5,4,4,2.666666667,2.666666667,5,1,1,5,3,5,2,1,4,4,3.1,5,1,5,3,3,3,3,2,3,5,3,2,3.166666667,2,4,3,3,3,3,4,3,1,5,4,2,1,5,5,1,1,3.166666667,2.6,2.909090909,0,3,12,11,13,10,13,10,12,11,13,13,11,4,1,5,1,111,5,6,35,3,36,100,93,13,104,76
1,6,28,0,17,6,11,17,3,9,8,2,1,0,0,1,0,1,0,0,4,0,4,2,1,1,1,1,0,6,3,3,2,4,4,3,3,4,5,4,1,3,5,2,4,3,5,2,4,1,1,3,2,2.5,1,1,0,0,2,3,3,4,3,5,6,3,5,6,4,4,12,11,11,11,9,9,8,6,7,18,1,5,6,0,0,1,0,0,2,Georgia,166,3,3,2,5,4,7,5,4,4,3,3,4,1,1,0.4,3,957,1208,0.333333333,97,50,369,2,0,4,12,11,11,5,4,1,3,4,2,4,1,5,2,3.1,1,5,3,4,3,1,1,3,3,3,2.7,6,6,5,60,65,2,6,3,4,5,1,6,3,4,6,2,6,4,4,6,2,5,6,1,5,2,6,2,4,3.5,4.5,4.5,3.666666667,1,2,1,3,5,2,4,1,5,3,3.3,2,1,4,5,4,5,1,2,5,1,2,5,3.083333333,4,3,5,3,3.5,4,4,3,2,4,3,3,1,2,5,2,3,3.166666667,2.6,2.909090909,2,4,11,13,12,12,12,11,12,12,11,12,17,1,6,4,5,322,6,5,36,-1,62,108,5,64,74,18
20,5,12,1,28,2,11,1,2,9,20,25,0,0,0,1,0,1,0,0,4,0,4,9,1,1,1,1,0,2,5,4,1,5,2,2,1,2,3,5,5,5,2,4,4,5,5,3,4,5,3,1,3,3.833333333,0,0,0,1,3,6,5,3,2,6,5,2,5,1,1,1,5,7,8,7,28,11,11,11,11,92,5,1,5,1,0,1,1,0,5,Guam,40,5,4,6,12,13,4,2,4,2,1,4,4,3,1,0.2,4,732,1814,0.333333333,24,26,361,2,0,11,1,0,0,3,3,2,1,2,1,5,3,3,4,2.7,3,3,2,3,3,4,1,2,3,3,2.5,7,4,85,10,75,6,2,1,1,2,6,6,4,4,6,3,4,6,4,4,1,3,4,6,1,5,5,3,5,4,4.5,3.666666667,2.833333333,4,5,5,2,5,4,2,5,5,2,2.7,1,2,4,4,3,4,5,4,1,2,1,2,2.75,3,5,5,3,4,4,2,4,5,5,2,3,3,4,2,3,1,3.5,2.6,3.090909091,7,3,14,2,3,7,8,9,7,6,3,6,3,2,4,6,3,900,11,12,37,4,88,30,8,60,119,60
18,3,18,0,8,1,11,27,6,9,20,21,1,1,1,1,1,0,0,0,4,0,4,1,1,1,1,1,0,7,2,1,1,3,5,1,2,1,4,2,2,3,2,2,5,2,3,5,3,3,3,3,4,3.166666667,1,0,1,1,6,5,4,2,3,3,6,6,5,2,2,5,9,9,8,6,7,6,7,4,5,47,1,3,2,1,1,1,1,0,8,Kentucky,562,4,4,9,3,3,5,4,6,1,2,3,1,3,2,0.4,2,787,1292,0.333333333,75,4,426,2,0,3,11,13,12,2,1,3,4,1,1,3,3,5,3,2.6,2,3,5,4,4,1,5,2,5,3,3.2,4,6,15,80,30,6,6,6,6,2,2,1,3,1,5,3,5,2,6,5,4,2,2,6,3,1,6,6,5,2.333333333,3,3.5,2.5,5,2,3,3,5,1,1,2,4,4,2.4,2,1,1,4,3,5,1,5,5,4,5,5,3.416666667,3,2,4,5,2.5,4.5,5,5,3,3,3,1,4,3,4,5,2,3.333333333,3.6,3.454545455,4,3,12,10,11,9,12,12,16,13,13,11,12,5,2,5,2,282,4,4,38,3,111,49,110,75,67,21
8,3,28,1,5,6,11,23,5,9,12,11,1,0,1,1,0,0,0,0,5,0,5,1,1,1,1,1,0,2,6,2,1,2,1,4,4,5,3,1,2,2,2,4,3,1,5,5,5,1,4,2,4,3.5,1,0,1,0,4,1,6,3,1,1,3,1,4,4,6,3,11,12,12,12,11,13,10,11,12,82,4,3,5,1,1,1,1,0,1,Montana,917,6,5,10,12,10,3,2,5,1,1,3,5,1,3,0.6,3,453,558,0.333333333,35,70,37,2,0,10,5,11,10,4,1,3,1,3,2,5,5,1,3,2.8,2,5,1,2,1,3,4,1,1,5,2.9,4,4,95,20,35,5,2,1,1,3,2,4,5,1,5,2,1,6,4,2,1,4,1,2,2,4,2,4,4,4.666666667,3,3,4,3,5,5,1,1,4,1,5,2,4,3.1,5,1,3,3,3,5,5,1,2,3,2,5,3.166666667,4,4,3,1,4,2,1,2,2,3,2,2,5,4,5,4,3,2,4.2,3,5,6,8,9,7,11,12,8,11,7,7,11,12,7,3,7,7,42,12,12,39,2,27,103,55,63,99,64
13,4,8,1,15,6,11,22,6,9,23,4,1,1,1,1,1,0,0,0,4,0,4,8,1,1,1,1,0,3,4,5,4,2,5,5,2,4,3,4,3,4,4,3,3,5,1,5,2,3,1,4,4,2.5,1,1,0,0,5,2,4,5,2,4,6,3,3,2,2,6,6,4,6,5,5,4,3,3,3,96,2,3,4,0,0,1,1,0,8,New Jersey,972,6,4,5,2,1,7,7,1,4,3,2,1,2,2,0.2,1,923,1114,0.333333333,98,30,351,1,0,1,12,11,20,3,5,2,1,3,1,5,1,1,2,3.4,5,5,2,2,1,4,5,4,4,1,2.9,2,6,55,70,0,2,6,1,6,1,5,3,1,4,6,5,5,5,5,6,4,5,5,6,4,6,3,3,3,3.5,4,5,2.833333333,3,1,2,3,2,5,2,1,4,4,3.5,4,1,1,5,2,4,4,1,5,4,4,5,3.333333333,5,4,3,2,4.5,2.5,5,2,1,1,1,1,2,4,5,4,4,1.833333333,3.8,2.727272727,3,4,25,10,11,8,7,11,13,13,10,8,7,4,7,4,4,319,2,2,40,-2,101,80,52,10,51,37
3,6,26,1,13,3,11,13,3,9,16,22,0,1,0,0,0,1,0,1,3,1,3,2,1,1,1,1,0,4,1,4,4,4,1,2,3,3,4,4,2,5,3,2,2,3,3,1,1,1,3,4,4,1.666666667,0,1,1,0,5,5,4,6,1,2,4,6,4,4,6,5,11,13,12,12,11,11,10,9,9,42,1,5,3,1,0,1,1,0,2,Hawaii,630,7,2,7,6,5,6,4,5,4,4,2,2,3,3,0.2,1,667,1385,0.333333333,47,53,362,2,0,4,7,11,11,1,4,2,3,4,1,1,5,4,2,2.1,3,3,2,4,1,1,1,3,5,1,2.8,1,2,80,10,10,1,6,2,4,5,2,3,6,2,1,5,2,3,3,1,3,4,5,4,6,4,4,3,5,3.666666667,3.166666667,3.166666667,2.666666667,1,5,1,1,2,2,1,5,2,1,3.1,2,2,5,1,2,1,1,1,5,5,1,2,2.333333333,3,4,2,5,3.5,3.5,2,1,3,4,5,3,1,5,1,2,1,3,2,2.545454545,8,0,11,11,11,10,12,10,12,13,12,19,12,3,4,3,4,202,7,5,41,-4,110,35,17,76,14,79
9,3,17,1,1,6,11,30,4,9,28,15,1,0,0,1,1,0,0,0,3,0,3,1,1,1,1,1,0,7,3,3,3,2,3,1,4,5,3,4,4,5,1,1,5,2,5,4,2,1,5,2,4,3,1,1,0,1,5,6,4,5,3,1,5,3,3,5,3,3,8,7,6,5,5,4,5,4,4,42,3,5,5,0,0,0,1,0,4,Mississippi,6,4,5,6,4,2,2,8,2,2,3,1,3,3,1,0,5,667,763,0.333333333,12,69,96,1,0,2,12,12,11,4,3,4,4,2,4,3,4,2,4,3.4,1,1,5,3,4,2,4,2,3,1,3,5,4,65,65,30,1,4,6,2,5,5,3,6,1,1,1,6,1,4,1,5,5,3,6,4,2,4,2,1,3.166666667,3,3.166666667,3.833333333,5,4,3,2,4,1,4,5,2,4,2.8,2,1,4,5,2,2,2,1,3,1,5,1,2.416666667,5,3,2,3,4,2.5,2,5,3,1,2,4,5,5,3,4,5,2.833333333,4.4,3.545454545,3,9,12,10,11,12,37,10,9,9,11,13,11,7,1,4,1,249,4,3,42,2,79,31,120,10,109,104
30,1,5,0,9,6,11,11,1,9,19,0,0,0,0,1,0,0,0,0,4,0,4,9,1,1,1,1,0,4,2,3,4,3,5,5,4,3,1,2,4,2,4,5,3,5,5,1,1,3,1,2,2,2.333333333,1,1,1,1,2,2,5,3,3,5,6,6,6,2,4,1,11,12,12,12,9,9,42,12,12,86,3,1,3,0,0,0,0,1,6,American Samoa,892,6,5,6,10,9,3,7,4,1,1,4,3,1,2,0.6,2,781,1109,0.333333333,49,7,19,2,0,8,5,10,5,5,3,5,5,3,2,5,3,5,4,3.4,3,1,3,5,2,1,5,5,4,5,4.2,3,2,90,40,95,2,5,1,5,2,4,6,3,2,5,4,6,4,1,5,1,3,2,1,4,3,2,6,1,3.833333333,4.333333333,2.666666667,4.166666667,3,3,4,2,5,3,1,5,3,4,2.9,2,1,1,1,4,1,1,1,1,3,1,5,1.833333333,1,3,2,5,2,3.5,2,5,1,2,5,3,1,1,1,2,2,3,1.4,2.272727273,4,0,9,14,11,11,10,8,8,11,8,11,8,3,4,5,4,585,11,11,43,4,25,5,103,25,5,6
7,1,4,0,20,2,11,23,2,9,9,7,0,0,0,0,0,0,1,1,4,1,4,7,1,1,1,1,0,4,4,5,3,2,5,3,3,3,4,2,3,2,3,5,1,4,5,5,1,4,2,4,5,2.5,0,1,1,0,6,2,5,5,5,6,4,6,5,5,2,5,11,12,12,12,12,12,10,10,15,25,4,6,3,1,0,1,0,0,4,Louisiana,713,6,1,6,12,12,2,6,1,1,4,2,4,2,3,0,5,454,1904,0.333333333,21,0,431,1,0,10,3,12,4,3,2,4,2,3,2,4,4,1,1,3.2,4,2,1,3,5,3,3,5,4,1,2.7,3,1,25,65,35,2,5,1,3,4,4,3,2,3,1,4,3,5,4,2,2,1,5,4,3,1,4,3,2,3.833333333,2.666666667,3.166666667,4.166666667,5,2,3,1,3,1,2,4,4,2,2.9,5,3,2,3,3,2,4,1,1,3,4,1,2.666666667,3,1,5,5,2,5,3,1,1,2,5,3,5,1,2,1,3,2.5,2.4,2.454545455,0,1,4,7,7,6,12,12,7,8,12,7,10,2,6,7,2,338,11,13,44,-3,62,26,35,67,78,58
18,2,2,0,5,3,11,21,2,9,21,6,1,0,1,1,1,0,0,0,5,0,5,8,1,1,1,1,0,3,5,3,2,4,4,5,4,2,3,3,4,2,4,3,3,1,5,4,4,4,4,1,2,4.166666667,1,1,0,0,6,1,5,5,1,3,5,4,2,3,3,4,12,11,10,11,10,8,21,6,4,28,2,5,2,1,1,0,0,0,7,Pennsylvania,997,7,3,9,4,4,7,4,1,6,1,4,4,2,1,0.2,0,281,1255,0.333333333,52,50,271,2,0,3,11,13,11,5,3,4,2,1,4,4,2,3,5,3.5,5,1,2,5,3,1,5,3,5,1,3.5,7,6,80,85,35,2,4,5,1,1,4,2,6,4,3,5,3,4,4,1,5,6,5,3,5,3,6,4,2,4.166666667,3.833333333,4.166666667,3.166666667,1,4,4,1,5,1,4,3,5,1,2.9,4,4,1,3,3,2,1,5,1,2,3,4,2.75,2,5,3,3,3.5,3,4,3,5,1,2,1,5,5,1,3,3,2.666666667,3.4,3,2,9,11,13,12,11,12,12,11,9,12,12,13,5,7,7,6,97,4,4,45,-4,107,1,34,24,61,61
6,5,0,1,29,6,11,17,5,9,29,15,0,1,0,1,0,0,0,0,3,0,3,5,1,1,1,1,0,5,6,5,2,5,3,2,3,3,4,2,1,1,3,2,3,4,2,2,5,3,3,4,3,3,1,0,1,1,6,5,1,1,2,6,6,1,2,5,5,4,12,11,11,11,10,9,8,7,6,73,1,4,5,1,1,1,1,0,5,New Hampshire,781,1,3,6,5,4,2,8,1,4,4,1,2,2,2,0.4,2,606,794,0.333333333,95,99,412,2,0,4,12,11,11,5,1,1,3,1,1,5,3,4,4,2.8,1,1,5,4,4,4,5,5,3,5,3.7,6,6,0,75,85,5,5,2,2,2,2,1,4,1,3,3,2,4,2,2,3,2,1,4,6,2,6,2,6,4,2.333333333,2.333333333,2.666666667,3,4,2,4,4,3,2,4,3,4,2.9,2,1,3,2,5,4,2,3,5,3,4,5,3.25,4,5,3,4,4.5,3.5,4,4,3,5,3,1,4,1,2,5,5,3.333333333,3.4,3.363636364,0,0,11,8,19,12,12,11,11,12,11,13,12,2,4,3,1,193,5,4,46,1,14,117,47,33,79,83
8,4,24,1,6,2,11,5,1,9,25,25,0,0,1,1,0,0,0,0,5,0,5,1,1,1,1,1,0,3,5,3,4,2,3,3,5,5,4,1,4,3,3,2,4,2,4,2,2,3,1,4,5,1.833333333,0,1,0,0,3,1,5,1,3,6,6,2,2,6,6,3,11,12,12,11,12,10,19,11,13,61,3,3,2,1,1,1,1,0,3,Arkansas,347,3,2,7,11,10,5,5,5,3,1,1,1,3,1,0.2,3,618,1823,0.333333333,58,53,375,1,0,11,4,10,8,1,5,5,4,3,2,4,4,2,2,3.4,4,5,2,3,1,4,3,3,3,3,2.9,1,7,100,30,80,3,2,3,5,1,4,1,1,3,3,1,4,2,6,3,3,2,2,3,1,1,4,5,4,4,2.166666667,3,4,3,2,4,5,4,4,1,5,2,5,2.9,5,3,2,3,4,5,1,2,3,4,5,2,3.25,5,3,3,3,4,3,3,3,1,1,2,1,4,2,2,5,2,1.833333333,3,2.363636364,1,6,10,8,8,9,12,11,11,11,7,11,9,2,4,3,3,39,12,11,47,2,78,100,60,63,26,12
28,3,1,0,25,5,11,10,5,9,2,10,1,0,0,1,1,1,0,0,5,0,5,5,1,1,1,1,0,5,4,2,3,2,2,3,3,3,1,4,5,1,2,3,4,4,3,4,1,1,5,5,2,2.666666667,1,1,1,0,4,2,1,5,5,3,2,5,4,1,1,2,11,11,12,12,12,16,14,10,11,25,4,5,1,0,0,1,1,0,6,New York,726,6,5,9,11,11,5,2,5,2,2,2,2,3,3,0.2,2,278,1123,0.333333333,78,17,158,1,0,10,2,3,2,1,4,4,3,4,5,5,2,3,2,3.5,2,4,4,2,4,2,3,2,5,4,2.6,7,2,20,60,50,6,5,2,2,1,3,4,3,5,1,2,1,6,3,1,1,5,4,1,1,6,2,1,5,3.833333333,2.666666667,3.333333333,4.333333333,5,5,3,2,4,3,2,5,2,3,2.6,5,2,3,5,5,1,4,2,2,5,2,1,3.083333333,3,4,4,1,3.5,2.5,4,5,2,3,4,3,2,3,1,3,3,3.5,2.4,3,5,9,3,11,11,7,12,11,13,8,44,3,7,1,2,1,5,885,12,12,48,0,13,57,49,112,91,113
28,4,5,1,28,2,11,30,2,9,16,21,1,0,1,1,1,0,0,0,3,0,3,4,1,1,1,1,0,1,3,1,3,3,3,1,2,5,4,1,5,1,2,5,4,1,2,3,2,2,4,4,2,2.833333333,1,1,1,0,6,1,5,1,3,4,6,4,3,5,4,5,12,10,9,13,11,13,12,11,11,64,3,5,1,1,1,0,1,0,2,Indiana,594,3,4,10,9,6,4,7,4,5,3,1,1,1,2,0.4,1,249,1055,0.333333333,94,91,81,3,0.25,6,4,7,51,2,1,3,4,5,5,5,5,1,3,3,1,5,3,2,4,1,3,2,1,3,2.7,5,4,5,65,20,1,2,4,1,2,6,6,1,4,6,1,6,5,5,2,5,4,4,5,2,5,1,1,1,4.333333333,4,4.166666667,4.5,2,5,1,4,4,4,2,2,4,1,2.7,5,1,5,5,4,1,1,5,1,1,2,5,3,1,5,4,3,3,3.5,3,4,5,3,4,2,5,4,2,4,4,3.5,3.8,3.636363636,1,0,9,11,11,11,11,12,12,12,11,12,11,1,1,6,6,326,10,8,49,2,3,26,11,68,19,102
28,3,3,1,12,1,11,17,6,9,25,18,0,0,0,0,1,1,0,1,4,1,4,4,1,1,1,1,0,7,1,5,1,3,2,5,4,4,2,3,5,1,2,1,1,3,3,5,2,1,1,2,5,2.333333333,0,0,0,1,3,4,5,5,4,6,1,2,3,6,2,5,11,11,11,11,11,12,11,12,12,93,3,4,6,1,0,1,1,0,9,Puerto Rico,904,3,2,5,10,11,2,2,1,4,2,4,1,1,1,0.2,4,25,574,0.333333333,11,42,364,3,0.25,13,8,2,3,3,5,1,4,4,5,3,3,1,4,3.3,2,4,4,1,3,5,2,5,5,1,2.2,1,5,10,20,85,1,4,1,1,6,6,1,6,6,5,4,5,2,1,5,4,4,1,1,3,4,6,2,3,3.833333333,4.5,2.833333333,3.833333333,3,4,2,1,1,1,3,4,5,5,3.7,2,2,3,5,5,2,3,4,1,2,4,4,3.083333333,2,4,5,2,3,3.5,1,2,2,3,3,2,1,5,4,5,2,2.166666667,3.4,2.727272727,9,5,5,6,5,8,8,10,9,7,12,8,8,4,2,2,1,812,11,8,50,3,29,25,63,29,63,66
3,5,3,0,6,2,11,7,4,9,24,23,1,1,0,1,0,0,0,0,4,0,4,8,1,1,1,1,0,6,1,1,3,3,4,2,1,1,1,2,4,5,1,5,2,2,5,5,2,1,3,4,4,2.5,1,0,0,0,4,6,4,4,5,1,2,5,3,3,3,1,12,11,12,12,8,11,11,10,12,72,5,2,1,1,1,0,1,0,6,Massachusetts,795,4,5,1,11,11,4,3,1,4,4,4,3,2,1,0,1,867,1334,0.333333333,64,78,109,2,0,10,8,11,9,3,5,5,3,3,2,3,1,2,2,3.7,3,3,3,3,2,3,4,3,1,1,3.2,4,2,90,15,10,6,5,2,3,1,2,6,5,3,1,4,5,3,2,5,3,4,6,6,3,5,4,6,4,3.833333333,4,3.833333333,2.333333333,5,2,4,5,1,1,4,4,2,4,2.8,5,1,1,1,3,4,5,3,4,5,3,2,3.083333333,5,1,4,4,3,4,4,4,1,4,3,5,2,5,3,1,4,3.5,3,3.272727273,10,3,9,11,12,11,7,8,11,8,9,11,11,3,4,6,7,155,12,11,51,-2,74,77,36,88,20,2
3,6,22,0,14,1,11,18,2,9,18,17,0,0,1,0,1,0,0,0,6,0,6,6,1,1,1,1,0,2,1,4,5,1,2,1,3,2,2,1,5,3,4,3,5,5,4,5,4,1,5,2,1,4,1,0,1,0,2,5,5,4,1,6,4,4,5,6,6,1,11,11,11,11,11,11,12,11,12,75,2,2,1,1,0,0,0,0,1,Virginia,291,3,5,10,12,11,6,4,3,2,4,2,1,1,1,0.2,5,541,987,0.333333333,94,35,78,2,0,12,3,4,3,1,1,1,3,2,3,2,2,2,2,2.7,1,1,2,3,2,3,2,4,5,5,3,1,7,50,30,75,5,1,5,3,3,4,3,4,2,6,6,1,1,3,5,4,4,6,5,3,3,3,5,6,3.5,3.666666667,3.833333333,2.833333333,3,1,5,3,1,5,2,3,1,5,3.3,2,5,4,1,2,3,2,5,5,1,4,4,3.166666667,4,3,5,4,3.5,4.5,5,5,2,4,5,5,4,3,4,3,2,4.333333333,3.2,3.818181818,10,10,4,8,8,7,8,9,7,8,8,11,5,4,5,5,5,213,10,13,52,3,10,40,28,4,11,103
23,1,7,1,6,6,11,18,5,9,5,6,1,0,1,0,1,0,0,1,3,1,3,6,1,1,1,1,0,6,2,3,1,3,4,4,1,3,1,2,5,1,3,3,1,4,5,5,4,3,4,4,5,3.166666667,0,1,0,0,6,5,3,6,6,6,4,1,2,2,3,2,11,11,11,9,9,8,6,8,4,21,1,6,2,1,0,0,1,0,4,Connecticut,725,7,2,4,4,3,6,4,1,6,3,4,5,1,1,0.2,5,963,762,0.333333333,13,96,69,3,0.25,4,11,11,11,2,2,2,4,3,5,1,4,3,3,2.7,3,5,5,2,2,4,2,1,1,1,2.6,6,1,60,55,90,5,3,6,3,3,4,2,4,4,4,2,6,5,4,1,3,1,1,6,2,4,5,6,3,3,3.666666667,2.5,2.666666667,2,2,3,2,1,4,5,2,1,2,3.4,1,1,3,2,3,5,1,2,5,1,5,1,2.5,4,2,2,3,3,2.5,3,5,4,3,3,4,4,5,2,5,1,3.666666667,3.4,3.545454545,1,4,12,12,12,10,14,13,12,12,12,12,11,4,2,5,3,89,9,4,53,0,46,68,114,3,86,42
10,2,1,0,16,5,11,27,2,9,19,8,1,0,1,0,0,0,0,1,3,1,3,7,1,1,1,1,0,3,3,1,4,3,1,1,1,3,3,5,5,1,1,5,4,3,2,5,5,5,2,3,2,4,0,0,0,0,1,3,1,3,4,2,5,2,6,3,2,5,11,10,11,10,9,8,7,7,5,61,4,4,2,0,0,1,0,0,8,Pennsylvania,290,7,4,9,5,4,3,1,5,1,1,1,4,3,1,0.2,0,914,1938,0.333333333,38,40,134,2,0,4,11,12,11,2,5,1,1,3,1,5,2,2,2,3,4,3,4,1,2,4,4,1,4,5,3,5,2,0,60,15,2,4,2,3,6,2,5,1,2,6,1,3,2,2,3,4,4,3,5,1,1,2,6,6,3.833333333,3,3,3.5,1,1,3,2,5,3,2,1,2,5,3.1,2,2,5,2,2,4,5,5,3,1,5,3,3.25,2,3,3,2,2.5,2.5,5,5,5,4,3,2,4,3,2,1,2,4,2.4,3.272727273,4,10,11,12,17,23,11,12,12,12,13,12,12,5,4,2,2,131,4,4,54,-4,59,4,99,80,66,25
16,5,23,1,23,1,11,30,3,9,6,8,0,0,1,0,1,0,0,0,2,0,2,7,1,1,1,1,0,3,4,4,5,1,5,3,2,4,4,1,5,4,5,1,3,1,5,3,5,3,3,5,3,3,0,0,0,1,5,3,2,2,2,5,3,5,5,5,6,5,12,11,10,11,10,9,8,7,7,29,4,3,3,1,0,1,0,0,3,Nebraska,664,5,1,4,5,4,2,5,4,3,2,1,3,2,2,0.2,0,763,1377,0.333333333,25,6,270,2,0,4,12,11,12,1,3,4,1,5,5,4,5,3,1,2.8,3,3,4,5,5,3,1,2,5,1,2.4,7,5,80,80,60,3,1,5,3,6,1,4,4,5,6,1,2,2,2,1,3,6,6,4,1,4,6,3,2,3.833333333,3.666666667,3.333333333,3.666666667,3,5,1,5,1,1,5,1,1,5,2.8,5,2,4,3,4,2,3,3,1,1,2,4,2.833333333,3,3,3,5,3,4,3,2,1,1,3,1,4,5,3,1,1,1.833333333,2.8,2.272727273,3,5,12,10,12,12,13,14,12,13,12,12,11,7,5,3,5,446,5,4,55,2,53,81,98,101,68,21
10,3,13,0,10,3,11,11,6,9,11,30,1,0,1,1,0,1,0,0,4,0,4,10,1,1,1,1,0,1,4,5,5,1,2,2,2,3,4,4,2,3,2,4,1,2,3,1,2,3,4,2,5,2.5,0,0,1,0,2,2,5,4,6,6,4,4,6,5,4,3,9,9,7,6,6,5,4,5,5,22,4,5,6,0,1,0,0,0,5,Utah,903,3,1,8,3,3,2,2,2,3,3,4,2,2,3,0.2,3,60,956,0.333333333,97,84,11,3,0.25,3,12,12,12,4,4,5,1,3,2,5,4,4,3,3.1,5,3,3,5,1,5,2,4,4,4,3.4,1,6,40,75,30,3,2,3,4,3,2,1,3,4,5,2,4,5,5,6,6,2,1,3,3,1,2,6,4,4.166666667,3.166666667,4.166666667,3.833333333,3,2,4,3,5,5,4,5,3,4,3.4,3,3,1,2,1,2,5,3,5,1,2,1,2.416666667,1,5,5,1,3,3,3,5,1,1,1,2,4,4,2,3,3,2.166666667,3.2,2.636363636,5,4,11,11,12,12,10,10,19,11,13,10,12,4,2,1,7,633,4,4,56,1,85,47,99,4,77,93
18,1,24,1,9,6,11,1,4,9,1,26,0,0,1,0,1,1,0,1,6,1,6,6,1,1,1,1,0,7,1,4,1,5,4,5,1,5,5,4,1,5,2,4,4,5,2,2,1,5,2,4,4,2.333333333,0,0,1,1,5,2,2,2,3,4,4,2,4,5,1,2,11,10,10,9,8,17,6,5,4,80,1,2,4,1,1,1,0,0,4,Texas,509,6,5,8,4,3,6,6,4,5,3,1,1,3,3,0,5,785,1344,0.333333333,34,33,245,3,0.25,3,13,11,11,5,1,1,4,1,4,4,2,4,2,3.4,4,4,5,1,5,1,4,1,1,1,2.9,6,7,75,35,25,1,1,5,4,6,6,1,5,5,5,3,3,3,5,4,5,3,2,1,5,1,1,4,5,3.166666667,3.666666667,3.666666667,4.166666667,3,5,4,2,4,1,5,3,4,2,2.7,5,5,2,3,2,5,2,5,2,3,3,3,3.333333333,3,3,3,5,3,4,3,3,2,2,3,3,1,4,2,2,1,2.666666667,2,2.363636364,0,8,12,12,12,13,12,13,11,12,9,12,17,4,1,1,1,181,4,4,57,3,111,24,38,62,16,9
23,2,11,0,12,1,11,16,5,9,25,5,0,0,0,1,1,1,0,0,4,0,4,3,1,1,1,1,0,3,1,5,5,4,5,2,2,4,4,4,5,3,5,1,2,1,3,5,3,5,5,2,3,4.166666667,0,0,0,1,4,3,3,1,5,5,5,4,5,2,5,3,11,8,6,6,6,5,4,6,4,32,1,1,5,1,1,1,0,0,9,Oklahoma,96,3,2,4,3,3,6,4,4,2,1,4,2,3,3,0.4,2,651,1644,0.333333333,70,0,110,1,0,2,12,12,12,2,1,4,1,1,1,4,2,1,4,2.9,4,5,1,4,5,3,1,4,5,3,2.3,1,6,60,85,10,4,2,2,1,2,1,1,2,4,3,1,4,1,1,2,5,6,6,4,1,6,3,6,6,5,2.5,3.5,2.666666667,1,1,3,5,5,5,2,2,3,1,2.8,1,1,4,2,3,3,3,2,3,3,1,2,2.333333333,1,5,2,2,3,2,2,4,1,2,5,5,5,5,2,2,3,3.166666667,3.4,3.272727273,3,6,12,12,11,11,6,10,9,13,21,11,13,7,6,7,3,969,4,3,58,3,53,41,59,34,17,76
21,6,4,1,9,6,11,20,1,9,13,29,0,1,0,1,1,0,0,0,6,0,6,5,1,1,1,1,0,7,2,2,1,1,4,1,1,2,4,3,5,3,5,5,2,2,3,4,5,4,3,4,2,3.666666667,0,0,0,1,1,3,6,3,2,5,3,4,6,3,3,4,5,6,3,5,4,4,4,3,3,84,3,5,7,1,1,0,1,0,6,Minnesota,858,4,5,1,2,1,3,7,3,4,3,4,5,2,3,0,1,299,885,0.333333333,2,72,237,1,0,0,37,11,12,5,3,3,2,1,5,3,5,2,2,3.5,4,5,3,2,2,5,3,2,2,3,2.7,6,7,50,45,60,2,4,6,1,5,4,5,4,3,2,4,6,4,5,6,4,4,3,2,3,1,5,6,1,3.333333333,4,4.333333333,4,2,4,1,3,4,5,3,4,1,2,3.1,5,3,3,4,1,4,3,3,3,4,4,1,3.166666667,3,4,3,3,3.5,3,2,5,1,3,4,5,1,1,2,4,1,3.333333333,1.8,2.636363636,0,7,13,6,7,12,9,9,12,11,10,11,7,4,2,5,1,642,2,2,59,-4,19,8,30,52,110,53
26,4,28,0,1,2,11,20,4,9,4,20,1,0,1,0,0,1,0,1,3,1,3,9,1,1,1,1,0,4,5,4,5,5,1,4,2,4,2,3,4,3,4,5,3,4,5,4,5,4,4,3,2,4,1,1,0,0,1,2,5,2,5,1,4,6,1,2,3,1,13,11,10,13,12,12,11,11,10,89,1,1,5,1,0,0,0,0,2,Florida,766,5,2,5,7,6,3,3,3,6,2,3,2,2,3,0.4,3,615,1142,0.333333333,93,49,410,1,0,5,9,8,8,2,1,4,4,4,1,1,3,5,3,2.2,3,2,2,5,2,3,2,1,1,2,3.1,4,1,85,55,55,6,2,4,2,4,5,5,5,4,3,4,4,6,5,4,5,6,3,1,2,2,1,4,2,3.166666667,4.166666667,4.833333333,5,1,3,4,2,3,4,3,5,5,3,3.7,1,1,3,4,3,1,2,2,3,3,2,3,2.333333333,5,1,5,3,3,4,3,5,4,3,2,1,1,4,2,3,3,3,2.6,2.818181818,6,8,11,12,11,12,11,15,11,12,11,12,12,5,4,2,7,29,9,7,60,0,115,70,6,80,59,17
1,1,17,1,19,3,11,13,5,9,2,13,0,0,1,1,1,0,0,1,4,1,4,1,1,1,1,1,0,7,4,2,3,4,1,4,5,4,5,3,1,3,5,2,3,3,4,1,1,2,3,4,3,2,1,0,1,0,2,3,2,2,2,2,2,3,2,6,2,4,9,9,8,6,7,6,5,5,5,32,3,6,6,1,1,0,0,0,3,Texas,656,4,4,4,4,3,1,3,1,2,2,3,1,1,1,0.4,4,89,1872,0.333333333,74,3,44,1,0,3,12,12,11,4,2,1,1,2,5,4,2,4,1,3.2,4,1,4,5,4,2,3,3,5,2,3.3,6,3,30,15,25,1,3,6,2,1,1,4,2,1,3,1,4,5,2,3,5,4,6,2,6,4,1,6,6,4.666666667,2.5,4.166666667,2.833333333,1,2,4,1,4,1,4,5,4,3,3.5,1,1,1,5,3,1,4,4,1,2,2,4,2.416666667,3,5,5,3,4,4,1,5,5,4,4,4,1,3,4,3,1,3.833333333,2.4,3.181818182,2,7,13,14,16,13,11,13,11,12,11,11,10,3,6,3,5,146,4,3,61,0,30,39,88,54,107,76
12,1,17,1,2,2,11,14,6,9,25,12,0,0,0,0,1,1,0,0,3,0,3,8,1,1,1,1,0,2,3,5,3,1,2,3,4,2,1,4,4,5,4,3,4,3,5,3,3,2,4,4,4,2.666666667,0,1,0,1,6,3,2,2,1,4,5,5,3,5,5,3,9,7,6,6,4,5,4,4,4,59,5,3,4,1,1,1,1,0,9,Guam,35,7,5,9,3,3,2,1,3,1,1,4,3,2,3,0.2,3,929,1192,0.333333333,32,38,430,1,0,2,12,13,9,4,2,5,5,2,4,5,3,3,5,3.6,2,1,4,1,2,1,3,2,5,5,3.2,6,1,25,95,50,5,6,2,3,2,5,5,2,1,3,6,2,5,4,4,4,5,2,3,2,4,4,4,4,3.166666667,3.166666667,4,3.5,4,5,2,4,3,5,2,2,2,4,2.7,3,3,5,3,4,4,2,3,1,3,1,4,3,3,1,1,3,2,2,5,1,1,4,1,4,4,2,5,2,5,2.666666667,3.6,3.090909091,10,3,11,13,11,12,10,12,12,10,10,9,14,3,7,6,3,657,3,4,62,-3,87,15,32,55,111,36
25,3,8,0,28,2,11,10,2,9,22,27,1,0,0,1,0,0,0,1,2,1,2,9,1,1,1,1,0,6,6,2,1,3,5,5,4,4,5,3,2,3,3,4,5,5,3,1,3,5,1,3,4,2.5,1,1,1,0,2,2,1,2,3,3,4,6,1,1,3,1,8,8,6,7,5,5,6,4,4,91,1,1,4,1,0,0,0,0,4,Massachusetts,148,6,4,7,3,3,6,2,5,6,4,2,2,2,2,0.4,0,694,1522,0.333333333,36,84,141,3,0.25,2,13,11,14,1,3,5,3,2,5,5,4,1,5,3.4,5,1,2,3,3,1,2,1,5,2,2.9,3,6,45,85,50,4,5,2,1,5,5,1,6,4,2,4,2,5,2,4,4,1,3,5,3,3,5,4,1,3.333333333,3.166666667,3.166666667,3.5,4,1,2,1,4,3,4,2,5,3,3.5,3,3,3,2,4,5,2,3,4,2,5,5,3.416666667,2,2,5,1,2,3,1,4,1,5,4,4,5,1,1,3,4,3.166666667,2.8,3,6,6,10,12,11,11,20,10,13,11,10,10,12,4,2,3,7,855,4,3,63,-1,110,60,101,12,13,38
5,4,14,1,26,6,11,10,1,9,17,22,1,0,1,1,0,0,0,1,2,1,2,4,1,1,1,1,0,4,5,3,2,3,4,1,4,4,3,4,1,2,4,3,4,5,3,1,2,2,1,3,2,2.166666667,0,1,0,1,1,4,1,2,6,2,1,4,1,1,6,5,5,3,4,3,4,2,3,2,1,46,1,1,6,0,0,0,0,1,8,Kansas,239,6,2,6,0,1,6,1,1,6,3,3,4,1,2,0.6,2,912,1237,0.333333333,20,1,184,3,0.25,0,13,13,16,1,1,4,3,2,3,4,4,4,4,2.6,1,1,4,2,2,1,2,3,4,4,3.2,5,3,55,45,75,4,1,2,1,3,5,1,3,2,6,3,6,2,2,2,3,5,2,5,4,4,3,5,1,4.333333333,3.5,2.666666667,3.333333333,5,3,2,1,4,5,3,3,5,3,3.4,5,3,5,3,3,2,1,3,1,3,1,3,2.75,2,2,3,2,2,2.5,5,1,3,1,4,5,1,1,5,2,5,3.166666667,2.8,3,6,3,13,7,30,9,11,10,12,11,13,8,11,6,3,1,2,21,0,1,64,4,44,46,46,25,26,99
17,6,20,1,19,3,11,25,4,9,27,8,0,0,0,1,0,0,0,0,4,0,4,9,1,1,1,1,0,2,3,5,1,1,1,1,2,3,3,3,4,1,3,1,3,2,4,5,3,4,4,2,2,4,1,1,1,0,6,6,6,5,1,3,5,1,1,5,4,6,5,5,6,5,5,3,4,3,3,95,4,5,4,0,0,1,0,0,4,North Carolina,226,3,4,7,2,1,4,7,2,5,1,4,2,3,3,0.4,2,321,736,0.333333333,62,91,86,3,0.25,1,11,11,20,5,3,4,4,5,2,2,5,1,2,3.1,5,5,1,4,1,5,4,2,5,5,2.9,5,4,15,5,90,1,5,6,6,4,2,2,5,2,5,6,1,2,4,5,2,6,5,6,1,2,1,4,6,3,3.5,4,3.666666667,4,1,5,3,5,2,4,5,1,1,2.5,2,1,4,2,1,3,1,5,3,1,1,1,2.083333333,5,5,2,1,5,1.5,2,3,2,4,3,5,1,1,3,5,5,3.166666667,3,3.090909091,9,4,25,13,12,9,11,8,6,9,11,11,8,7,6,6,6,184,2,2,65,-1,119,77,10,19,111,96
27,4,13,0,26,5,11,19,2,9,14,5,0,0,0,1,0,1,0,0,6,0,6,3,1,1,1,1,0,3,5,4,1,2,4,5,2,5,4,5,4,4,1,2,1,2,5,5,1,1,5,3,4,2.833333333,0,0,0,0,5,6,4,6,3,2,5,3,6,1,3,1,7,6,6,4,6,4,5,4,4,27,1,4,6,1,0,1,0,0,6,Utah,532,5,1,9,3,2,3,7,1,3,3,2,3,2,3,0,3,110,910,0.333333333,68,37,459,1,0,1,12,12,15,4,2,4,3,2,3,5,3,4,1,3.5,3,3,4,5,3,1,4,2,4,1,3.2,2,4,70,95,25,1,5,1,4,2,5,1,2,5,4,3,1,4,1,4,3,4,2,5,4,4,5,3,1,4,2.666666667,3,3.333333333,5,5,2,4,4,4,3,3,5,5,3,1,2,4,4,5,5,5,1,5,1,3,5,3.416666667,5,4,5,2,4.5,3.5,5,3,4,3,5,2,3,3,4,5,4,3.666666667,3.8,3.727272727,8,7,17,10,10,11,8,13,12,9,11,14,11,5,7,2,4,703,3,3,66,1,66,68,51,23,26,31
26,2,21,0,11,2,11,21,1,9,19,24,0,0,1,0,0,0,0,1,3,1,3,7,1,1,1,1,0,1,6,3,1,4,2,3,3,1,5,3,3,3,4,5,4,5,4,4,1,4,1,5,5,2,0,1,0,1,1,1,6,4,2,1,1,6,5,2,2,5,7,6,5,5,4,7,5,4,4,30,2,5,4,0,0,0,1,0,3,Guam,253,7,3,8,2,2,5,6,2,6,3,1,3,1,2,0.4,5,10,1124,0.333333333,81,84,219,2,0,2,11,12,9,5,5,5,4,3,2,5,2,5,2,3.8,1,5,5,2,5,2,1,3,5,1,2,4,2,35,35,25,2,3,1,6,2,2,3,5,5,6,4,6,6,6,5,2,2,1,4,4,4,6,6,6,4.333333333,4.833333333,3.666666667,2,4,1,1,3,5,1,3,4,1,5,3,3,5,5,4,4,4,3,2,1,5,3,3,3.5,3,5,2,2,4,2,4,4,2,2,3,5,4,3,5,5,2,3.333333333,3.8,3.545454545,1,3,11,12,13,10,11,10,18,14,11,8,9,1,6,7,7,899,3,3,67,-2,85,51,41,116,68,9
19,3,0,0,25,3,11,25,1,9,23,23,0,0,0,1,1,1,0,0,4,0,4,2,1,1,1,1,0,3,5,5,4,5,4,2,4,3,3,5,3,5,1,2,4,2,5,4,3,3,5,4,5,3,1,0,0,0,6,5,2,6,2,1,2,4,3,1,1,2,5,3,4,3,3,3,3,2,1,67,5,3,3,0,1,1,0,0,3,New York,469,3,5,5,0,1,4,6,5,5,2,4,1,2,2,0.2,0,710,1199,0.333333333,31,94,290,1,0,0,10,11,21,4,2,4,1,1,2,2,3,3,5,2.7,3,3,2,4,5,3,1,1,3,3,2.4,7,1,60,0,65,3,6,2,5,2,6,3,4,3,4,1,1,5,1,6,6,1,5,5,3,1,6,3,6,3,2.666666667,4,3,1,2,5,2,2,1,1,1,4,1,2.6,1,4,2,1,4,2,3,5,2,4,2,5,2.916666667,1,1,1,4,1,2.5,4,3,4,5,1,4,5,5,2,3,5,3.5,4,3.727272727,6,9,14,11,10,7,10,13,11,9,8,29,13,1,5,6,4,834,1,1,68,-2,93,63,19,70,7,68
3,4,5,0,7,5,11,30,1,9,4,13,1,0,1,0,1,0,0,0,4,0,4,8,1,1,1,1,0,7,4,5,4,3,3,4,4,5,3,3,1,5,5,5,3,1,3,5,5,2,4,3,2,3.833333333,1,0,0,0,1,6,2,3,2,4,6,6,5,3,2,2,4,4,5,4,3,4,3,2,3,27,4,3,4,0,1,1,1,0,1,Alabama,5,7,1,3,1,0,2,1,2,3,1,1,2,2,3,0.4,0,770,1065,0.333333333,7,15,201,1,0,1,32,13,12,3,3,4,2,5,3,2,1,4,2,2.9,5,3,4,4,3,5,3,5,2,5,3.7,1,3,75,50,5,2,6,6,1,6,3,6,2,2,6,2,2,5,3,6,1,5,2,3,2,3,2,1,1,3,3.333333333,3.666666667,5,1,4,3,5,1,5,3,3,2,1,3,5,1,4,1,3,3,2,4,4,1,2,5,2.916666667,5,1,4,2,3,3,5,5,1,2,4,5,3,5,1,5,2,3.666666667,3.2,3.454545455,9,3,11,11,10,7,5,7,10,9,4,5,8,6,2,2,6,441,1,1,69,-4,94,16,79,60,55,2
10,4,14,1,8,4,11,10,4,9,12,2,0,0,0,1,0,1,0,0,4,0,4,8,1,1,1,1,0,3,3,1,2,5,5,2,3,1,3,5,1,1,5,4,3,5,3,1,5,2,2,5,3,2.333333333,0,0,1,0,3,2,1,4,6,2,5,3,3,5,4,1,9,8,6,7,6,5,5,4,5,63,5,4,5,0,1,0,1,0,7,Missouri,20,7,5,1,4,3,5,6,4,4,3,1,4,1,3,0.2,5,643,1095,0.333333333,27,34,477,1,0,2,13,11,12,4,1,5,1,3,2,3,2,1,2,3.2,5,5,2,3,2,3,1,1,2,2,2.6,7,4,70,45,60,2,1,1,4,2,2,3,4,3,4,1,3,6,5,2,3,1,4,2,3,5,5,6,6,5,3,3.5,2.5,3,5,4,5,1,2,1,4,5,5,2.9,1,2,3,4,5,5,5,5,3,4,1,4,3.5,2,2,2,3,2,2.5,2,2,5,3,5,5,2,5,2,1,3,3.666666667,2.6,3.181818182,3,10,14,11,10,12,10,12,13,13,11,13,12,3,4,4,6,325,4,3,70,4,88,38,105,51,91,32
19,6,9,1,27,2,11,18,3,9,3,17,1,0,0,1,0,1,0,0,5,0,5,8,1,1,1,1,0,3,6,4,5,4,4,4,2,5,3,3,4,5,4,3,1,2,3,2,4,1,3,3,3,2.666666667,1,0,1,0,1,1,5,5,4,4,1,1,6,5,2,5,6,5,5,4,4,4,5,3,4,63,3,1,5,1,0,0,1,0,4,Colorado,619,4,3,8,3,2,4,8,1,5,2,1,3,1,1,0.2,3,375,874,0.333333333,29,61,317,3,0.25,1,12,12,11,5,1,4,3,4,1,4,2,4,5,2.7,4,3,5,4,1,2,5,4,4,1,3.7,5,7,80,70,60,5,2,4,2,2,6,5,6,3,3,2,3,6,3,5,1,3,4,1,5,3,6,2,3,3.5,3.666666667,3.666666667,3.666666667,1,5,2,5,1,4,4,2,4,2,3.2,5,4,2,1,3,2,2,5,2,4,2,5,3.083333333,1,5,4,3,3,3.5,3,5,4,4,4,2,1,4,4,3,4,3.666666667,3.2,3.454545455,3,4,12,11,11,12,42,10,13,7,8,11,9,3,4,2,7,358,4,2,71,2,42,29,17,107,3,85
13,4,0,0,22,6,11,25,1,9,13,29,0,0,0,1,1,1,0,0,6,0,6,4,1,1,1,1,0,2,6,4,1,5,5,3,3,4,5,2,3,1,3,2,1,5,3,2,3,4,2,4,2,2.833333333,0,0,0,0,3,4,2,5,3,4,6,6,2,1,6,5,13,12,12,10,11,10,9,9,7,52,4,1,3,0,0,1,0,0,6,Arizona,24,5,3,5,4,5,5,5,6,2,3,1,5,2,1,0,4,944,1545,0.333333333,58,39,364,1,0,5,11,11,11,4,2,3,5,5,3,1,3,1,3,3,4,4,4,4,3,1,4,3,3,4,3.6,1,5,55,25,35,6,1,1,4,5,1,4,3,4,5,1,1,3,2,5,2,1,6,6,1,5,5,1,1,4,3,3.166666667,3.833333333,1,1,4,2,5,1,4,4,4,4,3.4,1,1,5,2,4,1,4,4,2,5,1,5,2.916666667,5,2,1,3,3.5,2,1,4,5,4,5,3,5,2,4,4,3,3.666666667,3.6,3.636363636,1,7,12,13,14,11,11,13,11,12,11,12,10,7,1,2,6,529,6,5,72,-1,98,94,111,45,108,43
16,5,18,1,29,4,11,20,2,9,4,4,0,0,0,0,1,1,0,0,3,0,3,8,1,1,1,1,0,3,3,1,2,3,1,5,5,1,4,5,3,2,1,2,2,4,5,4,5,1,5,2,3,3.666666667,0,0,0,0,6,5,3,6,3,6,2,5,3,5,1,2,11,11,11,10,9,9,7,6,7,25,3,2,4,1,0,1,0,0,1,Michigan,886,2,1,8,4,5,1,5,6,6,2,3,4,3,3,0.2,0,339,1003,0.333333333,62,84,405,2,0,4,11,12,11,2,5,4,4,4,2,1,5,3,3,2.7,3,1,1,4,2,3,2,2,4,2,2.8,4,5,60,45,5,2,4,1,4,1,3,1,1,3,2,2,5,5,3,3,1,4,5,5,1,6,6,4,3,4.5,2.333333333,3.5,2.833333333,2,1,4,1,2,1,3,3,2,1,3,3,4,1,1,3,3,2,5,3,4,3,2,2.833333333,1,4,4,3,2.5,3.5,5,4,2,2,4,2,5,3,1,4,5,3.166666667,3.6,3.363636364,7,0,12,12,12,12,9,12,13,12,12,12,12,3,6,5,6,210,6,4,73,2,23,106,76,71,105,18
23,1,10,0,4,3,11,22,5,9,16,16,1,0,1,1,1,1,0,1,3,1,3,9,1,1,1,1,0,4,3,5,5,3,4,4,5,1,1,4,1,2,1,4,1,1,1,3,4,3,3,1,1,3.833333333,1,1,1,0,2,6,6,5,1,6,3,1,6,4,5,2,6,6,6,5,5,5,4,4,4,77,4,6,7,1,1,1,1,0,3,California,683,7,2,7,2,2,5,7,3,5,3,4,4,1,1,0.2,1,662,1715,0.333333333,41,81,432,3,0.25,2,13,13,11,3,3,1,3,2,4,2,3,5,3,2.7,3,3,2,2,4,3,3,5,1,1,2.9,1,6,80,65,95,3,4,1,6,2,2,4,4,2,5,2,2,6,6,1,2,1,5,5,3,6,2,4,2,4,3.166666667,3.5,3.333333333,4,4,3,2,5,1,3,4,5,4,2.9,2,3,4,2,5,4,2,4,1,4,4,3,3.166666667,4,3,5,3,3.5,4,3,5,4,1,3,5,5,1,3,5,3,3.5,3.4,3.454545455,1,10,15,11,10,11,13,13,8,10,21,10,11,4,5,4,3,25,3,3,74,3,108,109,31,89,76,55
10,1,7,0,20,3,11,11,6,9,4,16,0,1,1,1,0,1,0,1,6,1,6,4,1,1,1,1,0,6,3,5,2,4,1,4,4,1,4,3,4,5,2,4,4,5,4,4,1,5,3,2,5,3,0,1,1,1,3,4,3,6,2,6,1,5,5,5,5,2,5,4,4,4,3,3,3,2,2,18,1,2,2,1,0,1,0,0,4,Connecticut,291,3,2,7,1,0,5,3,2,1,3,4,5,3,1,0,0,946,1754,0.333333333,43,86,98,1,0,1,32,13,12,1,2,1,3,3,3,5,1,1,1,3.3,1,5,4,3,5,3,4,2,2,5,2.8,7,2,95,85,50,5,5,4,3,1,1,4,1,6,5,3,3,3,3,5,5,4,4,6,4,6,1,6,1,3.833333333,3.666666667,4,3,3,4,2,3,5,3,3,2,3,2,2.6,3,1,1,3,1,3,2,1,2,2,5,5,2.416666667,5,5,2,5,5,3.5,1,3,2,3,1,3,1,3,2,4,2,2.166666667,2.4,2.272727273,10,0,11,7,5,10,8,6,10,6,11,9,7,5,1,6,7,356,1,0,75,0,26,108,9,51,114,27
4,2,28,0,19,1,11,28,1,9,19,26,1,0,1,0,0,0,0,1,5,1,5,5,1,1,1,1,0,7,1,5,5,5,5,5,1,4,2,4,2,2,2,3,3,5,3,3,1,5,5,1,5,3.333333333,1,0,1,0,6,5,5,1,1,1,4,2,5,2,6,2,10,9,8,7,6,6,5,5,5,64,5,5,4,0,0,1,1,0,5,Montana,616,2,3,10,4,3,1,4,6,5,1,1,3,3,2,0.4,4,472,1613,0.333333333,32,65,265,1,0,3,11,12,12,4,3,4,1,2,2,2,2,1,4,3.1,4,1,4,2,2,2,3,2,3,5,3.6,5,2,45,50,35,4,4,3,1,3,3,5,4,5,1,5,3,3,4,4,4,4,1,6,2,4,6,3,5,4,3.833333333,3.333333333,2.666666667,4,5,3,3,5,4,1,3,5,3,2.6,4,1,1,5,1,5,3,1,4,1,3,2,2.583333333,5,1,3,3,3,3,3,1,1,5,3,2,4,2,1,3,1,2.5,2.2,2.363636364,0,2,12,14,12,12,11,11,19,11,10,11,11,5,4,1,7,112,4,4,76,0,105,41,108,50,98,73
24,3,29,1,25,6,11,7,1,9,20,3,1,0,0,1,1,0,0,1,3,1,3,4,1,1,1,1,0,3,6,3,2,2,2,5,3,2,2,4,2,5,4,1,5,2,3,4,5,5,2,5,1,3.666666667,1,1,1,1,5,6,6,3,4,1,1,5,6,2,2,2,10,11,13,13,12,13,10,11,11,38,5,6,2,0,0,0,0,1,1,Alabama,514,6,2,4,7,6,4,5,5,3,1,4,5,2,2,0.4,2,501,1893,0.333333333,48,96,57,3,0.25,6,8,8,7,1,5,1,1,1,3,4,5,1,1,3.1,2,1,3,4,3,4,1,4,4,1,2.7,2,2,65,30,40,2,5,4,1,1,3,1,2,6,5,5,2,1,5,1,1,3,1,6,2,2,1,1,6,4.333333333,3.5,2,4,3,5,3,3,3,4,4,3,1,2,2.7,3,3,1,1,5,2,4,1,3,5,5,2,2.916666667,2,1,5,2,1.5,3.5,2,1,5,4,3,1,1,5,3,5,1,2.666666667,3,2.818181818,3,9,15,12,11,11,11,14,12,12,12,12,13,4,5,1,4,487,9,7,77,3,10,39,12,19,73,51
6,3,21,0,3,1,11,19,1,9,26,7,1,0,1,1,0,0,0,0,4,0,4,10,1,1,1,1,0,2,3,1,3,4,3,1,1,3,3,4,5,5,3,2,5,1,4,4,4,2,3,5,1,3.166666667,0,0,1,0,2,4,1,5,1,2,4,4,5,3,3,4,12,12,11,11,12,13,12,12,11,90,2,4,3,0,1,1,1,0,2,Connecticut,822,4,1,5,9,8,2,1,4,3,4,4,4,1,1,0.2,5,368,1306,0.333333333,53,87,271,2,0,35,8,7,8,5,1,1,5,5,5,5,1,1,2,3.7,3,1,3,5,2,3,3,5,5,3,3.5,6,3,65,90,50,4,3,6,3,3,3,6,4,4,1,4,5,3,2,1,3,4,6,1,5,1,2,5,4,3.333333333,4,3.166666667,4,1,1,1,2,2,5,3,3,1,4,3.9,4,5,3,4,2,5,5,2,5,3,5,2,3.75,3,3,1,1,3,1,1,1,2,3,3,3,3,5,5,2,1,2.166666667,3.2,2.636363636,7,7,8,12,11,11,11,13,11,11,7,11,11,7,3,7,2,323,11,10,78,4,120,59,23,42,98,62
3,4,6,0,30,5,11,13,4,9,8,25,1,0,0,0,0,1,0,1,3,1,3,3,1,1,1,1,0,5,1,2,5,1,3,4,4,5,2,3,2,5,5,1,3,4,5,5,4,1,3,4,5,2.666666667,1,1,1,0,1,5,4,6,5,5,5,1,6,3,6,1,11,11,10,9,8,8,6,7,5,42,3,4,7,0,0,0,1,0,7,Arkansas,557,6,1,4,4,3,2,1,1,1,4,2,5,3,3,0,1,176,1338,0.333333333,9,58,13,1,0,4,11,12,12,1,2,1,2,5,2,2,5,3,1,2,2,1,3,5,3,1,3,5,4,2,3.5,1,5,5,55,100,2,1,2,2,1,6,3,1,1,3,2,6,4,2,2,1,6,1,6,6,6,3,6,6,4.666666667,2.666666667,2.666666667,1.5,3,1,3,3,1,5,2,4,4,2,3.6,2,4,4,4,1,2,3,1,1,3,2,3,2.5,1,4,1,1,2.5,1,1,5,2,1,3,4,3,4,2,5,4,2.666666667,3.6,3.090909091,7,5,11,13,11,13,12,12,12,18,15,12,12,5,1,3,7,588,5,3,79,2,48,52,61,22,115,99
25,2,22,1,30,4,11,13,1,9,26,19,0,0,1,1,0,1,0,1,4,1,4,10,1,1,1,1,0,7,4,4,3,5,4,2,4,2,1,2,4,1,5,4,2,1,3,5,3,1,1,3,3,2.666666667,1,1,1,1,1,3,2,6,5,5,6,1,3,1,5,6,5,5,7,4,4,3,4,3,3,24,5,2,4,1,0,1,0,0,7,Nebraska,390,1,2,6,2,1,7,8,2,6,3,3,4,2,1,0.2,2,601,1800,0.333333333,95,76,242,1,0,0,11,20,25,2,4,2,1,2,3,4,3,4,1,3,3,2,2,2,4,5,5,3,3,5,3,3,7,0,50,45,1,5,4,6,5,2,2,6,1,6,6,1,2,4,5,2,6,3,2,4,3,3,2,3,3.166666667,3.666666667,3.666666667,4.166666667,3,5,1,3,4,2,3,1,3,2,2.5,3,4,4,2,1,5,2,1,1,4,5,3,2.916666667,5,1,2,4,3,3,2,1,1,5,1,1,3,5,1,5,1,1.833333333,3,2.363636364,7,6,12,10,9,10,12,6,11,6,8,11,7,4,5,6,5,965,2,1,80,3,73,78,20,110,9,60
